product_id,date,price,discount,units_sold
P001,2024-01-15,4148,0,41
P001,2024-01-15,4148,5,48
P001,2024-01-15,4148,15,50
P001,2024-01-15,4148,30,63
P001,2024-02-15,4148,30,55
P001,2024-02-15,4148,20,57
P001,2024-02-15,4148,15,48
P001,2024-02-15,4148,5,42
P001,2024-03-15,4148,0,43
P001,2024-03-15,4148,20,50
P001,2024-03-15,4148,15,46
P001,2024-03-15,4148,5,43
P001,2024-04-15,4148,15,48
P001,2024-04-15,4148,0,42
P001,2024-04-15,4148,20,55
P001,2024-04-15,4148,5,44
P001,2024-05-15,4148,5,42
P001,2024-05-15,4148,25,57
P001,2024-05-15,4148,10,51
P001,2024-05-15,4148,30,60
P001,2024-06-15,4148,15,47
P001,2024-06-15,4148,20,52
P001,2024-06-15,4148,25,56
P001,2024-06-15,4148,0,41
P001,2024-07-15,4148,10,51
P001,2024-07-15,4148,5,42
P001,2024-07-15,4148,15,52
P001,2024-07-15,4148,30,60
P001,2024-08-15,4148,0,44
P001,2024-08-15,4148,5,44
P001,2024-08-15,4148,10,45
P001,2024-08-15,4148,30,59
P001,2024-09-15,4148,25,58
P001,2024-09-15,4148,30,58
P001,2024-09-15,4148,10,46
P001,2024-09-15,4148,15,48
P001,2024-10-15,4148,30,62
P001,2024-10-15,4148,5,46
P001,2024-10-15,4148,10,44
P001,2024-10-15,4148,25,61
P001,2024-11-15,4148,5,43
P001,2024-11-15,4148,20,50
P001,2024-11-15,4148,0,45
P001,2024-11-15,4148,10,46
P001,2024-12-15,4148,10,48
P001,2024-12-15,4148,5,45
P001,2024-12-15,4148,25,61
P001,2024-12-15,4148,0,40
P002,2024-01-15,2806,5,76
P002,2024-01-15,2806,30,115
P002,2024-01-15,2806,15,96
P002,2024-01-15,2806,0,69
P002,2024-02-15,2806,10,89
P002,2024-02-15,2806,5,76
P002,2024-02-15,2806,0,71
P002,2024-02-15,2806,15,93
P002,2024-03-15,2806,30,113
P002,2024-03-15,2806,5,81
P002,2024-03-15,2806,25,101
P002,2024-03-15,2806,0,73
P002,2024-04-15,2806,20,99
P002,2024-04-15,2806,15,93
P002,2024-04-15,2806,30,104
P002,2024-04-15,2806,10,83
P002,2024-05-15,2806,15,93
P002,2024-05-15,2806,10,83
P002,2024-05-15,2806,25,97
P002,2024-05-15,2806,30,111
P002,2024-06-15,2806,20,99
P002,2024-06-15,2806,30,118
P002,2024-06-15,2806,5,80
P002,2024-06-15,2806,10,81
P002,2024-07-15,2806,20,95
P002,2024-07-15,2806,10,83
P002,2024-07-15,2806,15,90
P002,2024-07-15,2806,25,104
P002,2024-08-15,2806,20,95
P002,2024-08-15,2806,30,105
P002,2024-08-15,2806,10,85
P002,2024-08-15,2806,15,91
P002,2024-09-15,2806,15,94
P002,2024-09-15,2806,30,120
P002,2024-09-15,2806,25,109
P002,2024-09-15,2806,5,78
P002,2024-10-15,2806,25,102
P002,2024-10-15,2806,30,105
P002,2024-10-15,2806,20,93
P002,2024-10-15,2806,10,80
P002,2024-11-15,2806,5,80
P002,2024-11-15,2806,15,94
P002,2024-11-15,2806,20,99
P002,2024-11-15,2806,0,69
P002,2024-12-15,2806,25,105
P002,2024-12-15,2806,30,107
P002,2024-12-15,2806,0,68
P002,2024-12-15,2806,20,101
P003,2024-01-15,3858,15,31
P003,2024-01-15,3858,5,28
P003,2024-01-15,3858,30,37
P003,2024-01-15,3858,10,30
P003,2024-02-15,3858,15,27
P003,2024-02-15,3858,5,26
P003,2024-02-15,3858,30,37
P003,2024-02-15,3858,20,30
P003,2024-03-15,3858,10,27
P003,2024-03-15,3858,15,30
P003,2024-03-15,3858,0,23
P003,2024-03-15,3858,30,36
P003,2024-04-15,3858,5,25
P003,2024-04-15,3858,25,33
P003,2024-04-15,3858,30,36
P003,2024-04-15,3858,0,28
P003,2024-05-15,3858,20,30
P003,2024-05-15,3858,25,33
P003,2024-05-15,3858,0,28
P003,2024-05-15,3858,15,32
P003,2024-06-15,3858,25,32
P003,2024-06-15,3858,20,28
P003,2024-06-15,3858,30,37
P003,2024-06-15,3858,5,26
P003,2024-07-15,3858,25,36
P003,2024-07-15,3858,5,26
P003,2024-07-15,3858,15,32
P003,2024-07-15,3858,30,35
P003,2024-08-15,3858,15,29
P003,2024-08-15,3858,5,26
P003,2024-08-15,3858,30,37
P003,2024-08-15,3858,25,34
P003,2024-09-15,3858,30,37
P003,2024-09-15,3858,15,29
P003,2024-09-15,3858,10,25
P003,2024-09-15,3858,0,27
P003,2024-10-15,3858,0,26
P003,2024-10-15,3858,30,32
P003,2024-10-15,3858,5,23
P003,2024-10-15,3858,20,30
P003,2024-11-15,3858,15,30
P003,2024-11-15,3858,25,37
P003,2024-11-15,3858,10,30
P003,2024-11-15,3858,20,30
P003,2024-12-15,3858,0,25
P003,2024-12-15,3858,20,33
P003,2024-12-15,3858,30,35
P003,2024-12-15,3858,10,30
P004,2024-01-15,265,0,34
P004,2024-01-15,265,25,56
P004,2024-01-15,265,10,44
P004,2024-01-15,265,30,59
P004,2024-02-15,265,25,54
P004,2024-02-15,265,10,41
P004,2024-02-15,265,0,36
P004,2024-02-15,265,15,44
P004,2024-03-15,265,15,48
P004,2024-03-15,265,5,38
P004,2024-03-15,265,20,52
P004,2024-03-15,265,10,41
P004,2024-04-15,265,30,61
P004,2024-04-15,265,5,39
P004,2024-04-15,265,0,33
P004,2024-04-15,265,10,41
P004,2024-05-15,265,30,59
P004,2024-05-15,265,10,40
P004,2024-05-15,265,5,40
P004,2024-05-15,265,15,49
P004,2024-06-15,265,0,33
P004,2024-06-15,265,20,53
P004,2024-06-15,265,5,37
P004,2024-06-15,265,30,60
P004,2024-07-15,265,15,47
P004,2024-07-15,265,0,35
P004,2024-07-15,265,25,55
P004,2024-07-15,265,10,41
P004,2024-08-15,265,15,45
P004,2024-08-15,265,25,52
P004,2024-08-15,265,20,51
P004,2024-08-15,265,10,38
P004,2024-09-15,265,25,52
P004,2024-09-15,265,20,50
P004,2024-09-15,265,5,39
P004,2024-09-15,265,30,57
P004,2024-10-15,265,30,56
P004,2024-10-15,265,5,38
P004,2024-10-15,265,10,38
P004,2024-10-15,265,25,60
P004,2024-11-15,265,10,38
P004,2024-11-15,265,25,55
P004,2024-11-15,265,5,37
P004,2024-11-15,265,15,42
P004,2024-12-15,265,10,39
P004,2024-12-15,265,15,49
P004,2024-12-15,265,0,31
P004,2024-12-15,265,20,51
P005,2024-01-15,2405,5,28
P005,2024-01-15,2405,0,26
P005,2024-01-15,2405,20,32
P005,2024-01-15,2405,15,30
P005,2024-02-15,2405,30,34
P005,2024-02-15,2405,20,35
P005,2024-02-15,2405,15,32
P005,2024-02-15,2405,10,25
P005,2024-03-15,2405,10,28
P005,2024-03-15,2405,25,30
P005,2024-03-15,2405,0,25
P005,2024-03-15,2405,5,24
P005,2024-04-15,2405,0,23
P005,2024-04-15,2405,5,23
P005,2024-04-15,2405,10,31
P005,2024-04-15,2405,20,34
P005,2024-05-15,2405,25,37
P005,2024-05-15,2405,5,24
P005,2024-05-15,2405,15,28
P005,2024-05-15,2405,0,26
P005,2024-06-15,2405,10,28
P005,2024-06-15,2405,20,35
P005,2024-06-15,2405,25,33
P005,2024-06-15,2405,30,37
P005,2024-07-15,2405,15,33
P005,2024-07-15,2405,0,22
P005,2024-07-15,2405,20,29
P005,2024-07-15,2405,25,40
P005,2024-08-15,2405,30,42
P005,2024-08-15,2405,20,35
P005,2024-08-15,2405,25,35
P005,2024-08-15,2405,0,24
P005,2024-09-15,2405,25,37
P005,2024-09-15,2405,15,30
P005,2024-09-15,2405,10,29
P005,2024-09-15,2405,5,24
P005,2024-10-15,2405,10,29
P005,2024-10-15,2405,25,37
P005,2024-10-15,2405,0,26
P005,2024-10-15,2405,5,23
P005,2024-11-15,2405,15,32
P005,2024-11-15,2405,0,24
P005,2024-11-15,2405,10,25
P005,2024-11-15,2405,20,34
P005,2024-12-15,2405,15,31
P005,2024-12-15,2405,30,40
P005,2024-12-15,2405,0,20
P005,2024-12-15,2405,5,26
P006,2024-01-15,78563,10,20
P006,2024-01-15,78563,15,18
P006,2024-01-15,78563,25,22
P006,2024-01-15,78563,0,17
P006,2024-02-15,78563,15,17
P006,2024-02-15,78563,0,14
P006,2024-02-15,78563,5,20
P006,2024-02-15,78563,25,24
P006,2024-03-15,78563,10,20
P006,2024-03-15,78563,15,18
P006,2024-03-15,78563,25,25
P006,2024-03-15,78563,20,20
P006,2024-04-15,78563,30,27
P006,2024-04-15,78563,0,19
P006,2024-04-15,78563,10,20
P006,2024-04-15,78563,15,21
P006,2024-05-15,78563,20,21
P006,2024-05-15,78563,25,23
P006,2024-05-15,78563,15,21
P006,2024-05-15,78563,5,17
P006,2024-06-15,78563,30,26
P006,2024-06-15,78563,5,17
P006,2024-06-15,78563,25,25
P006,2024-06-15,78563,15,21
P006,2024-07-15,78563,15,19
P006,2024-07-15,78563,25,24
P006,2024-07-15,78563,5,15
P006,2024-07-15,78563,30,25
P006,2024-08-15,78563,0,16
P006,2024-08-15,78563,20,20
P006,2024-08-15,78563,15,23
P006,2024-08-15,78563,30,24
P006,2024-09-15,78563,20,25
P006,2024-09-15,78563,25,24
P006,2024-09-15,78563,15,19
P006,2024-09-15,78563,0,19
P006,2024-10-15,78563,15,22
P006,2024-10-15,78563,20,20
P006,2024-10-15,78563,0,16
P006,2024-10-15,78563,25,27
P006,2024-11-15,78563,25,21
P006,2024-11-15,78563,30,22
P006,2024-11-15,78563,0,13
P006,2024-11-15,78563,15,19
P006,2024-12-15,78563,15,23
P006,2024-12-15,78563,5,16
P006,2024-12-15,78563,25,25
P006,2024-12-15,78563,30,26
P007,2024-01-15,18356,15,33
P007,2024-01-15,18356,20,38
P007,2024-01-15,18356,5,33
P007,2024-01-15,18356,25,37
P007,2024-02-15,18356,25,37
P007,2024-02-15,18356,20,37
P007,2024-02-15,18356,5,30
P007,2024-02-15,18356,0,28
P007,2024-03-15,18356,30,39
P007,2024-03-15,18356,10,33
P007,2024-03-15,18356,5,29
P007,2024-03-15,18356,15,35
P007,2024-04-15,18356,0,31
P007,2024-04-15,18356,25,41
P007,2024-04-15,18356,15,36
P007,2024-04-15,18356,10,36
P007,2024-05-15,18356,10,30
P007,2024-05-15,18356,5,32
P007,2024-05-15,18356,20,40
P007,2024-05-15,18356,30,44
P007,2024-06-15,18356,5,30
P007,2024-06-15,18356,25,35
P007,2024-06-15,18356,0,25
P007,2024-06-15,18356,20,37
P007,2024-07-15,18356,25,38
P007,2024-07-15,18356,15,34
P007,2024-07-15,18356,5,29
P007,2024-07-15,18356,20,36
P007,2024-08-15,18356,30,42
P007,2024-08-15,18356,15,33
P007,2024-08-15,18356,10,31
P007,2024-08-15,18356,20,39
P007,2024-09-15,18356,25,37
P007,2024-09-15,18356,15,34
P007,2024-09-15,18356,20,34
P007,2024-09-15,18356,10,35
P007,2024-10-15,18356,10,30
P007,2024-10-15,18356,20,37
P007,2024-10-15,18356,15,36
P007,2024-10-15,18356,30,41
P007,2024-11-15,18356,5,30
P007,2024-11-15,18356,25,36
P007,2024-11-15,18356,0,25
P007,2024-11-15,18356,15,34
P007,2024-12-15,18356,0,27
P007,2024-12-15,18356,30,43
P007,2024-12-15,18356,5,31
P007,2024-12-15,18356,20,38
P008,2024-01-15,1406,5,72
P008,2024-01-15,1406,15,83
P008,2024-01-15,1406,0,65
P008,2024-01-15,1406,25,116
P008,2024-02-15,1406,10,77
P008,2024-02-15,1406,0,62
P008,2024-02-15,1406,30,125
P008,2024-02-15,1406,20,99
P008,2024-03-15,1406,5,70
P008,2024-03-15,1406,25,99
P008,2024-03-15,1406,20,99
P008,2024-03-15,1406,0,68
P008,2024-04-15,1406,20,99
P008,2024-04-15,1406,5,70
P008,2024-04-15,1406,30,120
P008,2024-04-15,1406,25,100
P008,2024-05-15,1406,5,71
P008,2024-05-15,1406,30,114
P008,2024-05-15,1406,20,91
P008,2024-05-15,1406,10,81
P008,2024-06-15,1406,20,92
P008,2024-06-15,1406,10,83
P008,2024-06-15,1406,0,62
P008,2024-06-15,1406,5,76
P008,2024-07-15,1406,10,79
P008,2024-07-15,1406,20,100
P008,2024-07-15,1406,25,112
P008,2024-07-15,1406,0,64
P008,2024-08-15,1406,15,97
P008,2024-08-15,1406,25,106
P008,2024-08-15,1406,0,67
P008,2024-08-15,1406,20,99
P008,2024-09-15,1406,0,64
P008,2024-09-15,1406,10,83
P008,2024-09-15,1406,20,97
P008,2024-09-15,1406,5,73
P008,2024-10-15,1406,20,94
P008,2024-10-15,1406,10,80
P008,2024-10-15,1406,15,93
P008,2024-10-15,1406,30,117
P008,2024-11-15,1406,5,75
P008,2024-11-15,1406,15,89
P008,2024-11-15,1406,25,108
P008,2024-11-15,1406,30,114
P008,2024-12-15,1406,10,81
P008,2024-12-15,1406,30,105
P008,2024-12-15,1406,5,73
P008,2024-12-15,1406,15,86
P009,2024-01-15,226,0,53
P009,2024-01-15,226,20,78
P009,2024-01-15,226,25,88
P009,2024-01-15,226,10,69
P009,2024-02-15,226,0,54
P009,2024-02-15,226,10,63
P009,2024-02-15,226,20,77
P009,2024-02-15,226,25,86
P009,2024-03-15,226,30,94
P009,2024-03-15,226,20,74
P009,2024-03-15,226,10,70
P009,2024-03-15,226,0,54
P009,2024-04-15,226,25,86
P009,2024-04-15,226,30,93
P009,2024-04-15,226,20,72
P009,2024-04-15,226,0,52
P009,2024-05-15,226,10,68
P009,2024-05-15,226,30,88
P009,2024-05-15,226,0,55
P009,2024-05-15,226,5,57
P009,2024-06-15,226,25,81
P009,2024-06-15,226,20,73
P009,2024-06-15,226,5,63
P009,2024-06-15,226,15,75
P009,2024-07-15,226,0,50
P009,2024-07-15,226,30,90
P009,2024-07-15,226,5,59
P009,2024-07-15,226,20,77
P009,2024-08-15,226,15,67
P009,2024-08-15,226,10,66
P009,2024-08-15,226,5,61
P009,2024-08-15,226,0,50
P009,2024-09-15,226,5,57
P009,2024-09-15,226,15,77
P009,2024-09-15,226,20,73
P009,2024-09-15,226,0,50
P009,2024-10-15,226,0,54
P009,2024-10-15,226,15,74
P009,2024-10-15,226,25,86
P009,2024-10-15,226,5,57
P009,2024-11-15,226,15,65
P009,2024-11-15,226,25,88
P009,2024-11-15,226,0,53
P009,2024-11-15,226,30,92
P009,2024-12-15,226,10,65
P009,2024-12-15,226,0,54
P009,2024-12-15,226,15,73
P009,2024-12-15,226,25,85
P010,2024-01-15,896,30,82
P010,2024-01-15,896,0,48
P010,2024-01-15,896,5,49
P010,2024-01-15,896,15,63
P010,2024-02-15,896,5,49
P010,2024-02-15,896,0,44
P010,2024-02-15,896,20,70
P010,2024-02-15,896,25,73
P010,2024-03-15,896,5,51
P010,2024-03-15,896,0,48
P010,2024-03-15,896,30,79
P010,2024-03-15,896,10,61
P010,2024-04-15,896,15,64
P010,2024-04-15,896,30,82
P010,2024-04-15,896,20,68
P010,2024-04-15,896,25,71
P010,2024-05-15,896,0,46
P010,2024-05-15,896,15,60
P010,2024-05-15,896,25,69
P010,2024-05-15,896,10,53
P010,2024-06-15,896,10,58
P010,2024-06-15,896,30,79
P010,2024-06-15,896,0,48
P010,2024-06-15,896,20,67
P010,2024-07-15,896,15,64
P010,2024-07-15,896,20,62
P010,2024-07-15,896,5,54
P010,2024-07-15,896,10,57
P010,2024-08-15,896,25,70
P010,2024-08-15,896,0,45
P010,2024-08-15,896,20,69
P010,2024-08-15,896,5,49
P010,2024-09-15,896,10,54
P010,2024-09-15,896,15,66
P010,2024-09-15,896,25,71
P010,2024-09-15,896,30,76
P010,2024-10-15,896,15,62
P010,2024-10-15,896,10,56
P010,2024-10-15,896,25,73
P010,2024-10-15,896,5,51
P010,2024-11-15,896,5,53
P010,2024-11-15,896,20,74
P010,2024-11-15,896,0,47
P010,2024-11-15,896,10,60
P010,2024-12-15,896,25,71
P010,2024-12-15,896,20,65
P010,2024-12-15,896,0,44
P010,2024-12-15,896,15,65
P011,2024-01-15,3257,5,36
P011,2024-01-15,3257,30,49
P011,2024-01-15,3257,25,48
P011,2024-01-15,3257,0,27
P011,2024-02-15,3257,25,45
P011,2024-02-15,3257,10,39
P011,2024-02-15,3257,20,45
P011,2024-02-15,3257,5,32
P011,2024-03-15,3257,25,47
P011,2024-03-15,3257,15,39
P011,2024-03-15,3257,0,33
P011,2024-03-15,3257,30,51
P011,2024-04-15,3257,5,37
P011,2024-04-15,3257,20,46
P011,2024-04-15,3257,30,49
P011,2024-04-15,3257,10,38
P011,2024-05-15,3257,15,45
P011,2024-05-15,3257,10,37
P011,2024-05-15,3257,30,45
P011,2024-05-15,3257,20,41
P011,2024-06-15,3257,30,52
P011,2024-06-15,3257,10,37
P011,2024-06-15,3257,20,39
P011,2024-06-15,3257,0,31
P011,2024-07-15,3257,5,33
P011,2024-07-15,3257,15,41
P011,2024-07-15,3257,0,31
P011,2024-07-15,3257,30,48
P011,2024-08-15,3257,0,27
P011,2024-08-15,3257,10,40
P011,2024-08-15,3257,5,31
P011,2024-08-15,3257,30,45
P011,2024-09-15,3257,30,46
P011,2024-09-15,3257,15,38
P011,2024-09-15,3257,5,36
P011,2024-09-15,3257,25,46
P011,2024-10-15,3257,20,42
P011,2024-10-15,3257,30,45
P011,2024-10-15,3257,15,41
P011,2024-10-15,3257,0,30
P011,2024-11-15,3257,0,31
P011,2024-11-15,3257,30,45
P011,2024-11-15,3257,15,36
P011,2024-11-15,3257,25,45
P011,2024-12-15,3257,20,42
P011,2024-12-15,3257,15,39
P011,2024-12-15,3257,5,37
P011,2024-12-15,3257,0,31
P012,2024-01-15,398,15,27
P012,2024-01-15,398,30,35
P012,2024-01-15,398,0,18
P012,2024-01-15,398,25,33
P012,2024-02-15,398,25,29
P012,2024-02-15,398,0,22
P012,2024-02-15,398,20,33
P012,2024-02-15,398,10,25
P012,2024-03-15,398,25,33
P012,2024-03-15,398,15,25
P012,2024-03-15,398,5,19
P012,2024-03-15,398,20,28
P012,2024-04-15,398,10,26
P012,2024-04-15,398,30,31
P012,2024-04-15,398,20,28
P012,2024-04-15,398,15,29
P012,2024-05-15,398,30,31
P012,2024-05-15,398,0,19
P012,2024-05-15,398,10,25
P012,2024-05-15,398,20,27
P012,2024-06-15,398,15,29
P012,2024-06-15,398,25,28
P012,2024-06-15,398,30,33
P012,2024-06-15,398,10,27
P012,2024-07-15,398,5,21
P012,2024-07-15,398,20,29
P012,2024-07-15,398,10,26
P012,2024-07-15,398,25,34
P012,2024-08-15,398,15,27
P012,2024-08-15,398,10,25
P012,2024-08-15,398,30,36
P012,2024-08-15,398,0,16
P012,2024-09-15,398,25,34
P012,2024-09-15,398,30,32
P012,2024-09-15,398,15,27
P012,2024-09-15,398,10,25
P012,2024-10-15,398,0,18
P012,2024-10-15,398,5,23
P012,2024-10-15,398,30,30
P012,2024-10-15,398,25,32
P012,2024-11-15,398,10,24
P012,2024-11-15,398,15,25
P012,2024-11-15,398,0,16
P012,2024-11-15,398,5,19
P012,2024-12-15,398,15,25
P012,2024-12-15,398,20,28
P012,2024-12-15,398,30,36
P012,2024-12-15,398,0,19
P013,2024-01-15,5745,0,32
P013,2024-01-15,5745,5,29
P013,2024-01-15,5745,30,51
P013,2024-01-15,5745,15,42
P013,2024-02-15,5745,10,39
P013,2024-02-15,5745,25,44
P013,2024-02-15,5745,0,32
P013,2024-02-15,5745,30,43
P013,2024-03-15,5745,20,40
P013,2024-03-15,5745,5,30
P013,2024-03-15,5745,0,31
P013,2024-03-15,5745,25,46
P013,2024-04-15,5745,20,39
P013,2024-04-15,5745,5,35
P013,2024-04-15,5745,30,46
P013,2024-04-15,5745,0,33
P013,2024-05-15,5745,20,41
P013,2024-05-15,5745,0,31
P013,2024-05-15,5745,5,35
P013,2024-05-15,5745,10,38
P013,2024-06-15,5745,20,44
P013,2024-06-15,5745,5,29
P013,2024-06-15,5745,25,42
P013,2024-06-15,5745,15,36
P013,2024-07-15,5745,25,44
P013,2024-07-15,5745,5,33
P013,2024-07-15,5745,10,37
P013,2024-07-15,5745,20,41
P013,2024-08-15,5745,0,31
P013,2024-08-15,5745,20,43
P013,2024-08-15,5745,5,33
P013,2024-08-15,5745,25,44
P013,2024-09-15,5745,0,33
P013,2024-09-15,5745,30,48
P013,2024-09-15,5745,25,44
P013,2024-09-15,5745,10,37
P013,2024-10-15,5745,10,38
P013,2024-10-15,5745,25,43
P013,2024-10-15,5745,30,48
P013,2024-10-15,5745,15,36
P013,2024-11-15,5745,15,35
P013,2024-11-15,5745,30,47
P013,2024-11-15,5745,25,45
P013,2024-11-15,5745,5,32
P013,2024-12-15,5745,5,32
P013,2024-12-15,5745,10,34
P013,2024-12-15,5745,20,37
P013,2024-12-15,5745,0,30
P014,2024-01-15,65217,20,63
P014,2024-01-15,65217,15,56
P014,2024-01-15,65217,5,50
P014,2024-01-15,65217,30,72
P014,2024-02-15,65217,15,55
P014,2024-02-15,65217,10,52
P014,2024-02-15,65217,30,64
P014,2024-02-15,65217,0,46
P014,2024-03-15,65217,15,60
P014,2024-03-15,65217,20,56
P014,2024-03-15,65217,30,73
P014,2024-03-15,65217,10,53
P014,2024-04-15,65217,10,52
P014,2024-04-15,65217,0,46
P014,2024-04-15,65217,15,56
P014,2024-04-15,65217,25,65
P014,2024-05-15,65217,10,50
P014,2024-05-15,65217,20,63
P014,2024-05-15,65217,25,69
P014,2024-05-15,65217,0,50
P014,2024-06-15,65217,5,47
P014,2024-06-15,65217,30,66
P014,2024-06-15,65217,20,60
P014,2024-06-15,65217,15,55
P014,2024-07-15,65217,20,62
P014,2024-07-15,65217,30,66
P014,2024-07-15,65217,5,49
P014,2024-07-15,65217,10,55
P014,2024-08-15,65217,30,68
P014,2024-08-15,65217,20,58
P014,2024-08-15,65217,25,65
P014,2024-08-15,65217,15,55
P014,2024-09-15,65217,20,61
P014,2024-09-15,65217,10,57
P014,2024-09-15,65217,0,45
P014,2024-09-15,65217,15,59
P014,2024-10-15,65217,15,58
P014,2024-10-15,65217,5,51
P014,2024-10-15,65217,20,60
P014,2024-10-15,65217,30,65
P014,2024-11-15,65217,10,54
P014,2024-11-15,65217,15,58
P014,2024-11-15,65217,5,54
P014,2024-11-15,65217,25,69
P014,2024-12-15,65217,0,49
P014,2024-12-15,65217,25,64
P014,2024-12-15,65217,5,48
P014,2024-12-15,65217,20,61
P015,2024-01-15,361,20,55
P015,2024-01-15,361,10,47
P015,2024-01-15,361,25,61
P015,2024-01-15,361,15,58
P015,2024-02-15,361,5,45
P015,2024-02-15,361,25,72
P015,2024-02-15,361,15,55
P015,2024-02-15,361,10,50
P015,2024-03-15,361,20,66
P015,2024-03-15,361,15,49
P015,2024-03-15,361,25,64
P015,2024-03-15,361,10,48
P015,2024-04-15,361,25,62
P015,2024-04-15,361,10,49
P015,2024-04-15,361,15,53
P015,2024-04-15,361,5,46
P015,2024-05-15,361,20,62
P015,2024-05-15,361,5,42
P015,2024-05-15,361,25,60
P015,2024-05-15,361,0,39
P015,2024-06-15,361,0,37
P015,2024-06-15,361,25,63
P015,2024-06-15,361,5,42
P015,2024-06-15,361,30,71
P015,2024-07-15,361,10,48
P015,2024-07-15,361,30,72
P015,2024-07-15,361,0,36
P015,2024-07-15,361,20,61
P015,2024-08-15,361,15,54
P015,2024-08-15,361,5,48
P015,2024-08-15,361,0,36
P015,2024-08-15,361,30,64
P015,2024-09-15,361,20,61
P015,2024-09-15,361,0,39
P015,2024-09-15,361,10,49
P015,2024-09-15,361,30,73
P015,2024-10-15,361,10,48
P015,2024-10-15,361,5,47
P015,2024-10-15,361,0,41
P015,2024-10-15,361,30,66
P015,2024-11-15,361,20,62
P015,2024-11-15,361,25,71
P015,2024-11-15,361,5,43
P015,2024-11-15,361,30,66
P015,2024-12-15,361,0,37
P015,2024-12-15,361,5,43
P015,2024-12-15,361,25,65
P015,2024-12-15,361,15,52
P016,2024-01-15,12350,20,41
P016,2024-01-15,12350,25,43
P016,2024-01-15,12350,30,49
P016,2024-01-15,12350,0,33
P016,2024-02-15,12350,25,45
P016,2024-02-15,12350,20,40
P016,2024-02-15,12350,10,36
P016,2024-02-15,12350,0,33
P016,2024-03-15,12350,25,46
P016,2024-03-15,12350,20,47
P016,2024-03-15,12350,10,36
P016,2024-03-15,12350,15,43
P016,2024-04-15,12350,30,47
P016,2024-04-15,12350,20,42
P016,2024-04-15,12350,0,36
P016,2024-04-15,12350,15,42
P016,2024-05-15,12350,5,38
P016,2024-05-15,12350,20,40
P016,2024-05-15,12350,25,48
P016,2024-05-15,12350,30,45
P016,2024-06-15,12350,20,41
P016,2024-06-15,12350,15,37
P016,2024-06-15,12350,0,35
P016,2024-06-15,12350,25,49
P016,2024-07-15,12350,0,34
P016,2024-07-15,12350,15,39
P016,2024-07-15,12350,10,35
P016,2024-07-15,12350,30,45
P016,2024-08-15,12350,0,36
P016,2024-08-15,12350,15,41
P016,2024-08-15,12350,30,52
P016,2024-08-15,12350,10,38
P016,2024-09-15,12350,15,41
P016,2024-09-15,12350,30,48
P016,2024-09-15,12350,25,45
P016,2024-09-15,12350,20,42
P016,2024-10-15,12350,15,44
P016,2024-10-15,12350,20,40
P016,2024-10-15,12350,5,38
P016,2024-10-15,12350,25,46
P016,2024-11-15,12350,15,39
P016,2024-11-15,12350,5,37
P016,2024-11-15,12350,25,43
P016,2024-11-15,12350,30,49
P016,2024-12-15,12350,20,42
P016,2024-12-15,12350,0,34
P016,2024-12-15,12350,5,39
P016,2024-12-15,12350,30,47
P017,2024-01-15,11006,15,27
P017,2024-01-15,11006,30,28
P017,2024-01-15,11006,5,19
P017,2024-01-15,11006,20,28
P017,2024-02-15,11006,20,23
P017,2024-02-15,11006,10,24
P017,2024-02-15,11006,30,26
P017,2024-02-15,11006,25,27
P017,2024-03-15,11006,20,22
P017,2024-03-15,11006,25,30
P017,2024-03-15,11006,5,24
P017,2024-03-15,11006,15,26
P017,2024-04-15,11006,15,27
P017,2024-04-15,11006,30,26
P017,2024-04-15,11006,5,20
P017,2024-04-15,11006,10,21
P017,2024-05-15,11006,30,31
P017,2024-05-15,11006,15,24
P017,2024-05-15,11006,0,17
P017,2024-05-15,11006,25,23
P017,2024-06-15,11006,15,23
P017,2024-06-15,11006,10,24
P017,2024-06-15,11006,0,16
P017,2024-06-15,11006,5,24
P017,2024-07-15,11006,20,28
P017,2024-07-15,11006,25,27
P017,2024-07-15,11006,30,27
P017,2024-07-15,11006,5,19
P017,2024-08-15,11006,25,29
P017,2024-08-15,11006,0,17
P017,2024-08-15,11006,15,27
P017,2024-08-15,11006,5,21
P017,2024-09-15,11006,20,26
P017,2024-09-15,11006,25,28
P017,2024-09-15,11006,10,24
P017,2024-09-15,11006,30,31
P017,2024-10-15,11006,10,23
P017,2024-10-15,11006,5,23
P017,2024-10-15,11006,30,26
P017,2024-10-15,11006,20,26
P017,2024-11-15,11006,20,23
P017,2024-11-15,11006,25,27
P017,2024-11-15,11006,15,24
P017,2024-11-15,11006,10,24
P017,2024-12-15,11006,10,24
P017,2024-12-15,11006,30,27
P017,2024-12-15,11006,15,24
P017,2024-12-15,11006,20,26
P018,2024-01-15,1385,0,61
P018,2024-01-15,1385,20,77
P018,2024-01-15,1385,30,99
P018,2024-01-15,1385,25,90
P018,2024-02-15,1385,25,90
P018,2024-02-15,1385,5,66
P018,2024-02-15,1385,0,60
P018,2024-02-15,1385,30,106
P018,2024-03-15,1385,15,75
P018,2024-03-15,1385,0,60
P018,2024-03-15,1385,25,94
P018,2024-03-15,1385,30,100
P018,2024-04-15,1385,25,98
P018,2024-04-15,1385,15,73
P018,2024-04-15,1385,5,65
P018,2024-04-15,1385,0,58
P018,2024-05-15,1385,30,105
P018,2024-05-15,1385,15,81
P018,2024-05-15,1385,0,61
P018,2024-05-15,1385,10,70
P018,2024-06-15,1385,25,90
P018,2024-06-15,1385,30,96
P018,2024-06-15,1385,0,61
P018,2024-06-15,1385,20,81
P018,2024-07-15,1385,30,101
P018,2024-07-15,1385,15,79
P018,2024-07-15,1385,10,74
P018,2024-07-15,1385,0,56
P018,2024-08-15,1385,0,62
P018,2024-08-15,1385,25,87
P018,2024-08-15,1385,10,75
P018,2024-08-15,1385,30,106
P018,2024-09-15,1385,15,80
P018,2024-09-15,1385,0,59
P018,2024-09-15,1385,10,74
P018,2024-09-15,1385,5,68
P018,2024-10-15,1385,25,85
P018,2024-10-15,1385,5,61
P018,2024-10-15,1385,0,62
P018,2024-10-15,1385,10,73
P018,2024-11-15,1385,15,80
P018,2024-11-15,1385,10,71
P018,2024-11-15,1385,0,59
P018,2024-11-15,1385,25,92
P018,2024-12-15,1385,20,87
P018,2024-12-15,1385,25,97
P018,2024-12-15,1385,15,74
P018,2024-12-15,1385,0,61
P019,2024-01-15,1327,25,98
P019,2024-01-15,1327,5,73
P019,2024-01-15,1327,15,92
P019,2024-01-15,1327,10,79
P019,2024-02-15,1327,0,70
P019,2024-02-15,1327,5,72
P019,2024-02-15,1327,15,87
P019,2024-02-15,1327,20,93
P019,2024-03-15,1327,30,107
P019,2024-03-15,1327,10,86
P019,2024-03-15,1327,15,91
P019,2024-03-15,1327,0,67
P019,2024-04-15,1327,25,99
P019,2024-04-15,1327,15,86
P019,2024-04-15,1327,5,74
P019,2024-04-15,1327,20,95
P019,2024-05-15,1327,30,119
P019,2024-05-15,1327,0,70
P019,2024-05-15,1327,10,83
P019,2024-05-15,1327,20,91
P019,2024-06-15,1327,0,68
P019,2024-06-15,1327,15,89
P019,2024-06-15,1327,10,87
P019,2024-06-15,1327,25,106
P019,2024-07-15,1327,5,73
P019,2024-07-15,1327,10,84
P019,2024-07-15,1327,25,102
P019,2024-07-15,1327,30,113
P019,2024-08-15,1327,30,109
P019,2024-08-15,1327,5,72
P019,2024-08-15,1327,10,83
P019,2024-08-15,1327,15,91
P019,2024-09-15,1327,5,77
P019,2024-09-15,1327,25,107
P019,2024-09-15,1327,20,95
P019,2024-09-15,1327,0,66
P019,2024-10-15,1327,30,110
P019,2024-10-15,1327,15,85
P019,2024-10-15,1327,25,109
P019,2024-10-15,1327,5,75
P019,2024-11-15,1327,20,100
P019,2024-11-15,1327,15,92
P019,2024-11-15,1327,30,101
P019,2024-11-15,1327,25,109
P019,2024-12-15,1327,20,101
P019,2024-12-15,1327,30,111
P019,2024-12-15,1327,0,66
P019,2024-12-15,1327,25,106
P020,2024-01-15,947,25,90
P020,2024-01-15,947,15,83
P020,2024-01-15,947,10,79
P020,2024-01-15,947,30,109
P020,2024-02-15,947,5,70
P020,2024-02-15,947,15,86
P020,2024-02-15,947,10,71
P020,2024-02-15,947,25,98
P020,2024-03-15,947,15,82
P020,2024-03-15,947,0,59
P020,2024-03-15,947,25,99
P020,2024-03-15,947,5,69
P020,2024-04-15,947,25,90
P020,2024-04-15,947,30,110
P020,2024-04-15,947,15,79
P020,2024-04-15,947,10,79
P020,2024-05-15,947,30,107
P020,2024-05-15,947,5,69
P020,2024-05-15,947,25,95
P020,2024-05-15,947,20,91
P020,2024-06-15,947,25,93
P020,2024-06-15,947,30,114
P020,2024-06-15,947,15,85
P020,2024-06-15,947,20,84
P020,2024-07-15,947,5,71
P020,2024-07-15,947,10,73
P020,2024-07-15,947,0,58
P020,2024-07-15,947,20,92
P020,2024-08-15,947,15,86
P020,2024-08-15,947,20,86
P020,2024-08-15,947,10,79
P020,2024-08-15,947,30,103
P020,2024-09-15,947,25,101
P020,2024-09-15,947,10,73
P020,2024-09-15,947,20,86
P020,2024-09-15,947,0,62
P020,2024-10-15,947,15,85
P020,2024-10-15,947,30,103
P020,2024-10-15,947,20,94
P020,2024-10-15,947,5,68
P020,2024-11-15,947,20,86
P020,2024-11-15,947,5,71
P020,2024-11-15,947,15,79
P020,2024-11-15,947,10,79
P020,2024-12-15,947,5,68
P020,2024-12-15,947,30,108
P020,2024-12-15,947,15,81
P020,2024-12-15,947,20,84
P021,2024-01-15,2516,30,102
P021,2024-01-15,2516,5,76
P021,2024-01-15,2516,10,82
P021,2024-01-15,2516,0,68
P021,2024-02-15,2516,20,91
P021,2024-02-15,2516,30,108
P021,2024-02-15,2516,0,71
P021,2024-02-15,2516,25,95
P021,2024-03-15,2516,15,86
P021,2024-03-15,2516,20,92
P021,2024-03-15,2516,5,70
P021,2024-03-15,2516,30,103
P021,2024-04-15,2516,30,107
P021,2024-04-15,2516,0,70
P021,2024-04-15,2516,15,86
P021,2024-04-15,2516,25,104
P021,2024-05-15,2516,25,105
P021,2024-05-15,2516,15,81
P021,2024-05-15,2516,5,75
P021,2024-05-15,2516,20,91
P021,2024-06-15,2516,5,77
P021,2024-06-15,2516,10,82
P021,2024-06-15,2516,25,100
P021,2024-06-15,2516,20,100
P021,2024-07-15,2516,15,86
P021,2024-07-15,2516,0,70
P021,2024-07-15,2516,10,77
P021,2024-07-15,2516,5,77
P021,2024-08-15,2516,15,87
P021,2024-08-15,2516,30,106
P021,2024-08-15,2516,5,78
P021,2024-08-15,2516,10,79
P021,2024-09-15,2516,25,103
P021,2024-09-15,2516,10,83
P021,2024-09-15,2516,30,111
P021,2024-09-15,2516,15,83
P021,2024-10-15,2516,25,102
P021,2024-10-15,2516,30,100
P021,2024-10-15,2516,10,82
P021,2024-10-15,2516,0,71
P021,2024-11-15,2516,10,80
P021,2024-11-15,2516,30,111
P021,2024-11-15,2516,20,92
P021,2024-11-15,2516,5,76
P021,2024-12-15,2516,30,109
P021,2024-12-15,2516,15,83
P021,2024-12-15,2516,0,68
P021,2024-12-15,2516,20,91
P022,2024-01-15,2839,5,80
P022,2024-01-15,2839,25,97
P022,2024-01-15,2839,10,84
P022,2024-01-15,2839,30,111
P022,2024-02-15,2839,5,84
P022,2024-02-15,2839,0,77
P022,2024-02-15,2839,15,86
P022,2024-02-15,2839,10,84
P022,2024-03-15,2839,0,75
P022,2024-03-15,2839,5,82
P022,2024-03-15,2839,20,92
P022,2024-03-15,2839,25,107
P022,2024-04-15,2839,25,96
P022,2024-04-15,2839,5,78
P022,2024-04-15,2839,15,88
P022,2024-04-15,2839,0,73
P022,2024-05-15,2839,15,88
P022,2024-05-15,2839,5,79
P022,2024-05-15,2839,25,103
P022,2024-05-15,2839,0,77
P022,2024-06-15,2839,5,78
P022,2024-06-15,2839,15,92
P022,2024-06-15,2839,20,100
P022,2024-06-15,2839,25,103
P022,2024-07-15,2839,15,87
P022,2024-07-15,2839,10,86
P022,2024-07-15,2839,5,82
P022,2024-07-15,2839,20,97
P022,2024-08-15,2839,0,76
P022,2024-08-15,2839,25,99
P022,2024-08-15,2839,10,82
P022,2024-08-15,2839,5,84
P022,2024-09-15,2839,5,82
P022,2024-09-15,2839,15,93
P022,2024-09-15,2839,25,103
P022,2024-09-15,2839,0,74
P022,2024-10-15,2839,5,82
P022,2024-10-15,2839,15,89
P022,2024-10-15,2839,20,103
P022,2024-10-15,2839,25,98
P022,2024-11-15,2839,0,72
P022,2024-11-15,2839,30,113
P022,2024-11-15,2839,10,88
P022,2024-11-15,2839,5,84
P022,2024-12-15,2839,15,93
P022,2024-12-15,2839,30,108
P022,2024-12-15,2839,25,94
P022,2024-12-15,2839,0,73
P023,2024-01-15,8521,5,72
P023,2024-01-15,8521,20,86
P023,2024-01-15,8521,10,73
P023,2024-01-15,8521,15,81
P023,2024-02-15,8521,30,87
P023,2024-02-15,8521,5,69
P023,2024-02-15,8521,0,63
P023,2024-02-15,8521,25,90
P023,2024-03-15,8521,25,90
P023,2024-03-15,8521,5,68
P023,2024-03-15,8521,0,65
P023,2024-03-15,8521,20,85
P023,2024-04-15,8521,25,86
P023,2024-04-15,8521,10,76
P023,2024-04-15,8521,5,72
P023,2024-04-15,8521,30,94
P023,2024-05-15,8521,30,90
P023,2024-05-15,8521,15,78
P023,2024-05-15,8521,10,72
P023,2024-05-15,8521,0,67
P023,2024-06-15,8521,20,77
P023,2024-06-15,8521,5,71
P023,2024-06-15,8521,10,72
P023,2024-06-15,8521,25,86
P023,2024-07-15,8521,0,64
P023,2024-07-15,8521,30,94
P023,2024-07-15,8521,5,72
P023,2024-07-15,8521,25,85
P023,2024-08-15,8521,25,85
P023,2024-08-15,8521,30,95
P023,2024-08-15,8521,15,73
P023,2024-08-15,8521,5,66
P023,2024-09-15,8521,20,81
P023,2024-09-15,8521,25,91
P023,2024-09-15,8521,0,64
P023,2024-09-15,8521,5,72
P023,2024-10-15,8521,30,89
P023,2024-10-15,8521,10,72
P023,2024-10-15,8521,25,86
P023,2024-10-15,8521,0,62
P023,2024-11-15,8521,15,83
P023,2024-11-15,8521,10,73
P023,2024-11-15,8521,20,82
P023,2024-11-15,8521,30,87
P023,2024-12-15,8521,0,66
P023,2024-12-15,8521,5,68
P023,2024-12-15,8521,20,80
P023,2024-12-15,8521,10,75
P024,2024-01-15,752,10,78
P024,2024-01-15,752,0,63
P024,2024-01-15,752,5,71
P024,2024-01-15,752,20,90
P024,2024-02-15,752,30,115
P024,2024-02-15,752,20,89
P024,2024-02-15,752,15,92
P024,2024-02-15,752,10,80
P024,2024-03-15,752,20,98
P024,2024-03-15,752,30,108
P024,2024-03-15,752,0,68
P024,2024-03-15,752,15,92
P024,2024-04-15,752,25,99
P024,2024-04-15,752,10,82
P024,2024-04-15,752,30,121
P024,2024-04-15,752,15,83
P024,2024-05-15,752,5,74
P024,2024-05-15,752,15,91
P024,2024-05-15,752,25,100
P024,2024-05-15,752,10,84
P024,2024-06-15,752,0,67
P024,2024-06-15,752,30,114
P024,2024-06-15,752,5,73
P024,2024-06-15,752,10,81
P024,2024-07-15,752,5,73
P024,2024-07-15,752,10,81
P024,2024-07-15,752,15,85
P024,2024-07-15,752,0,66
P024,2024-08-15,752,25,108
P024,2024-08-15,752,20,99
P024,2024-08-15,752,5,75
P024,2024-08-15,752,0,63
P024,2024-09-15,752,5,76
P024,2024-09-15,752,30,107
P024,2024-09-15,752,15,90
P024,2024-09-15,752,10,76
P024,2024-10-15,752,5,75
P024,2024-10-15,752,25,110
P024,2024-10-15,752,15,86
P024,2024-10-15,752,30,106
P024,2024-11-15,752,15,87
P024,2024-11-15,752,25,104
P024,2024-11-15,752,30,107
P024,2024-11-15,752,20,95
P024,2024-12-15,752,5,74
P024,2024-12-15,752,0,66
P024,2024-12-15,752,20,94
P024,2024-12-15,752,30,108
P025,2024-01-15,7704,5,49
P025,2024-01-15,7704,25,59
P025,2024-01-15,7704,20,64
P025,2024-01-15,7704,30,67
P025,2024-02-15,7704,20,55
P025,2024-02-15,7704,15,53
P025,2024-02-15,7704,10,52
P025,2024-02-15,7704,30,65
P025,2024-03-15,7704,30,66
P025,2024-03-15,7704,15,53
P025,2024-03-15,7704,20,54
P025,2024-03-15,7704,10,52
P025,2024-04-15,7704,30,69
P025,2024-04-15,7704,25,64
P025,2024-04-15,7704,0,40
P025,2024-04-15,7704,5,47
P025,2024-05-15,7704,10,50
P025,2024-05-15,7704,25,66
P025,2024-05-15,7704,30,60
P025,2024-05-15,7704,0,45
P025,2024-06-15,7704,15,51
P025,2024-06-15,7704,20,56
P025,2024-06-15,7704,10,50
P025,2024-06-15,7704,5,45
P025,2024-07-15,7704,20,62
P025,2024-07-15,7704,5,46
P025,2024-07-15,7704,25,56
P025,2024-07-15,7704,10,48
P025,2024-08-15,7704,30,69
P025,2024-08-15,7704,0,44
P025,2024-08-15,7704,20,54
P025,2024-08-15,7704,10,48
P025,2024-09-15,7704,5,44
P025,2024-09-15,7704,30,68
P025,2024-09-15,7704,15,56
P025,2024-09-15,7704,20,57
P025,2024-10-15,7704,25,62
P025,2024-10-15,7704,20,54
P025,2024-10-15,7704,5,48
P025,2024-10-15,7704,15,56
P025,2024-11-15,7704,30,69
P025,2024-11-15,7704,20,58
P025,2024-11-15,7704,0,39
P025,2024-11-15,7704,5,45
P025,2024-12-15,7704,10,48
P025,2024-12-15,7704,25,56
P025,2024-12-15,7704,0,44
P025,2024-12-15,7704,5,45
P026,2024-01-15,331,0,46
P026,2024-01-15,331,10,54
P026,2024-01-15,331,5,50
P026,2024-01-15,331,20,69
P026,2024-02-15,331,15,65
P026,2024-02-15,331,5,50
P026,2024-02-15,331,30,86
P026,2024-02-15,331,20,73
P026,2024-03-15,331,30,81
P026,2024-03-15,331,25,76
P026,2024-03-15,331,5,51
P026,2024-03-15,331,20,69
P026,2024-04-15,331,10,60
P026,2024-04-15,331,5,51
P026,2024-04-15,331,15,63
P026,2024-04-15,331,25,80
P026,2024-05-15,331,0,44
P026,2024-05-15,331,15,60
P026,2024-05-15,331,5,53
P026,2024-05-15,331,25,78
P026,2024-06-15,331,20,63
P026,2024-06-15,331,10,58
P026,2024-06-15,331,25,75
P026,2024-06-15,331,30,70
P026,2024-07-15,331,15,58
P026,2024-07-15,331,0,49
P026,2024-07-15,331,10,54
P026,2024-07-15,331,30,76
P026,2024-08-15,331,10,59
P026,2024-08-15,331,15,62
P026,2024-08-15,331,25,71
P026,2024-08-15,331,20,71
P026,2024-09-15,331,5,51
P026,2024-09-15,331,15,60
P026,2024-09-15,331,0,45
P026,2024-09-15,331,10,61
P026,2024-10-15,331,0,48
P026,2024-10-15,331,30,72
P026,2024-10-15,331,10,62
P026,2024-10-15,331,15,64
P026,2024-11-15,331,25,70
P026,2024-11-15,331,15,65
P026,2024-11-15,331,20,71
P026,2024-11-15,331,5,54
P026,2024-12-15,331,30,77
P026,2024-12-15,331,20,66
P026,2024-12-15,331,25,82
P026,2024-12-15,331,5,49
P027,2024-01-15,1342,0,47
P027,2024-01-15,1342,25,63
P027,2024-01-15,1342,15,58
P027,2024-01-15,1342,5,47
P027,2024-02-15,1342,0,48
P027,2024-02-15,1342,15,56
P027,2024-02-15,1342,20,61
P027,2024-02-15,1342,25,69
P027,2024-03-15,1342,20,59
P027,2024-03-15,1342,30,71
P027,2024-03-15,1342,15,55
P027,2024-03-15,1342,0,46
P027,2024-04-15,1342,30,72
P027,2024-04-15,1342,0,45
P027,2024-04-15,1342,10,53
P027,2024-04-15,1342,20,57
P027,2024-05-15,1342,15,54
P027,2024-05-15,1342,5,46
P027,2024-05-15,1342,20,62
P027,2024-05-15,1342,30,70
P027,2024-06-15,1342,10,57
P027,2024-06-15,1342,30,68
P027,2024-06-15,1342,25,67
P027,2024-06-15,1342,20,61
P027,2024-07-15,1342,15,55
P027,2024-07-15,1342,10,50
P027,2024-07-15,1342,25,69
P027,2024-07-15,1342,30,75
P027,2024-08-15,1342,20,60
P027,2024-08-15,1342,10,51
P027,2024-08-15,1342,0,46
P027,2024-08-15,1342,5,47
P027,2024-09-15,1342,5,49
P027,2024-09-15,1342,30,64
P027,2024-09-15,1342,25,66
P027,2024-09-15,1342,0,45
P027,2024-10-15,1342,20,60
P027,2024-10-15,1342,15,56
P027,2024-10-15,1342,0,45
P027,2024-10-15,1342,30,69
P027,2024-11-15,1342,10,52
P027,2024-11-15,1342,5,51
P027,2024-11-15,1342,30,68
P027,2024-11-15,1342,0,47
P027,2024-12-15,1342,5,50
P027,2024-12-15,1342,25,64
P027,2024-12-15,1342,30,76
P027,2024-12-15,1342,10,49
P028,2024-01-15,10811,5,60
P028,2024-01-15,10811,20,74
P028,2024-01-15,10811,0,56
P028,2024-01-15,10811,30,74
P028,2024-02-15,10811,30,73
P028,2024-02-15,10811,10,65
P028,2024-02-15,10811,15,67
P028,2024-02-15,10811,25,71
P028,2024-03-15,10811,25,68
P028,2024-03-15,10811,10,60
P028,2024-03-15,10811,20,74
P028,2024-03-15,10811,30,74
P028,2024-04-15,10811,10,63
P028,2024-04-15,10811,25,68
P028,2024-04-15,10811,30,82
P028,2024-04-15,10811,5,58
P028,2024-05-15,10811,25,73
P028,2024-05-15,10811,10,61
P028,2024-05-15,10811,5,59
P028,2024-05-15,10811,0,56
P028,2024-06-15,10811,20,72
P028,2024-06-15,10811,5,60
P028,2024-06-15,10811,10,60
P028,2024-06-15,10811,25,78
P028,2024-07-15,10811,25,68
P028,2024-07-15,10811,20,72
P028,2024-07-15,10811,5,61
P028,2024-07-15,10811,10,65
P028,2024-08-15,10811,10,63
P028,2024-08-15,10811,25,75
P028,2024-08-15,10811,0,53
P028,2024-08-15,10811,5,58
P028,2024-09-15,10811,10,62
P028,2024-09-15,10811,15,66
P028,2024-09-15,10811,0,52
P028,2024-09-15,10811,25,76
P028,2024-10-15,10811,25,75
P028,2024-10-15,10811,15,65
P028,2024-10-15,10811,20,71
P028,2024-10-15,10811,10,62
P028,2024-11-15,10811,15,66
P028,2024-11-15,10811,5,55
P028,2024-11-15,10811,10,58
P028,2024-11-15,10811,25,68
P028,2024-12-15,10811,5,60
P028,2024-12-15,10811,30,77
P028,2024-12-15,10811,20,72
P028,2024-12-15,10811,25,72
P029,2024-01-15,1010,15,111
P029,2024-01-15,1010,30,132
P029,2024-01-15,1010,0,82
P029,2024-01-15,1010,20,122
P029,2024-02-15,1010,0,78
P029,2024-02-15,1010,25,121
P029,2024-02-15,1010,30,136
P029,2024-02-15,1010,5,85
P029,2024-03-15,1010,30,138
P029,2024-03-15,1010,0,78
P029,2024-03-15,1010,10,100
P029,2024-03-15,1010,20,125
P029,2024-04-15,1010,15,117
P029,2024-04-15,1010,10,96
P029,2024-04-15,1010,5,86
P029,2024-04-15,1010,20,111
P029,2024-05-15,1010,20,118
P029,2024-05-15,1010,30,145
P029,2024-05-15,1010,5,89
P029,2024-05-15,1010,0,80
P029,2024-06-15,1010,0,76
P029,2024-06-15,1010,20,108
P029,2024-06-15,1010,30,136
P029,2024-06-15,1010,25,120
P029,2024-07-15,1010,15,113
P029,2024-07-15,1010,25,118
P029,2024-07-15,1010,5,91
P029,2024-07-15,1010,20,120
P029,2024-08-15,1010,20,121
P029,2024-08-15,1010,25,129
P029,2024-08-15,1010,5,84
P029,2024-08-15,1010,15,112
P029,2024-09-15,1010,5,88
P029,2024-09-15,1010,20,116
P029,2024-09-15,1010,30,130
P029,2024-09-15,1010,10,97
P029,2024-10-15,1010,25,120
P029,2024-10-15,1010,15,101
P029,2024-10-15,1010,10,103
P029,2024-10-15,1010,5,86
P029,2024-11-15,1010,30,150
P029,2024-11-15,1010,20,113
P029,2024-11-15,1010,0,76
P029,2024-11-15,1010,25,118
P029,2024-12-15,1010,30,144
P029,2024-12-15,1010,0,76
P029,2024-12-15,1010,10,98
P029,2024-12-15,1010,20,121
P030,2024-01-15,1943,5,78
P030,2024-01-15,1943,25,110
P030,2024-01-15,1943,30,114
P030,2024-01-15,1943,10,83
P030,2024-02-15,1943,5,79
P030,2024-02-15,1943,0,74
P030,2024-02-15,1943,15,97
P030,2024-02-15,1943,20,100
P030,2024-03-15,1943,5,83
P030,2024-03-15,1943,0,72
P030,2024-03-15,1943,30,118
P030,2024-03-15,1943,25,111
P030,2024-04-15,1943,15,95
P030,2024-04-15,1943,5,79
P030,2024-04-15,1943,20,104
P030,2024-04-15,1943,30,117
P030,2024-05-15,1943,15,88
P030,2024-05-15,1943,30,107
P030,2024-05-15,1943,0,75
P030,2024-05-15,1943,25,110
P030,2024-06-15,1943,25,113
P030,2024-06-15,1943,20,103
P030,2024-06-15,1943,30,114
P030,2024-06-15,1943,5,79
P030,2024-07-15,1943,25,105
P030,2024-07-15,1943,30,112
P030,2024-07-15,1943,5,81
P030,2024-07-15,1943,15,96
P030,2024-08-15,1943,0,75
P030,2024-08-15,1943,30,109
P030,2024-08-15,1943,5,77
P030,2024-08-15,1943,15,89
P030,2024-09-15,1943,0,70
P030,2024-09-15,1943,20,94
P030,2024-09-15,1943,5,79
P030,2024-09-15,1943,15,88
P030,2024-10-15,1943,15,91
P030,2024-10-15,1943,10,83
P030,2024-10-15,1943,0,73
P030,2024-10-15,1943,30,100
P030,2024-11-15,1943,30,118
P030,2024-11-15,1943,20,97
P030,2024-11-15,1943,25,103
P030,2024-11-15,1943,10,81
P030,2024-12-15,1943,30,113
P030,2024-12-15,1943,5,81
P030,2024-12-15,1943,15,95
P030,2024-12-15,1943,10,82
P031,2024-01-15,9830,25,82
P031,2024-01-15,9830,5,65
P031,2024-01-15,9830,0,60
P031,2024-01-15,9830,10,67
P031,2024-02-15,9830,5,66
P031,2024-02-15,9830,15,69
P031,2024-02-15,9830,30,90
P031,2024-02-15,9830,25,82
P031,2024-03-15,9830,30,85
P031,2024-03-15,9830,5,69
P031,2024-03-15,9830,10,67
P031,2024-03-15,9830,0,61
P031,2024-04-15,9830,15,73
P031,2024-04-15,9830,25,79
P031,2024-04-15,9830,20,78
P031,2024-04-15,9830,5,66
P031,2024-05-15,9830,20,77
P031,2024-05-15,9830,5,67
P031,2024-05-15,9830,30,86
P031,2024-05-15,9830,25,82
P031,2024-06-15,9830,15,72
P031,2024-06-15,9830,20,81
P031,2024-06-15,9830,5,64
P031,2024-06-15,9830,10,71
P031,2024-07-15,9830,25,84
P031,2024-07-15,9830,20,76
P031,2024-07-15,9830,10,71
P031,2024-07-15,9830,30,83
P031,2024-08-15,9830,25,86
P031,2024-08-15,9830,5,65
P031,2024-08-15,9830,30,88
P031,2024-08-15,9830,10,72
P031,2024-09-15,9830,25,85
P031,2024-09-15,9830,20,75
P031,2024-09-15,9830,10,70
P031,2024-09-15,9830,15,70
P031,2024-10-15,9830,30,79
P031,2024-10-15,9830,5,65
P031,2024-10-15,9830,10,70
P031,2024-10-15,9830,20,78
P031,2024-11-15,9830,15,76
P031,2024-11-15,9830,0,62
P031,2024-11-15,9830,20,82
P031,2024-11-15,9830,5,68
P031,2024-12-15,9830,25,84
P031,2024-12-15,9830,0,60
P031,2024-12-15,9830,15,73
P031,2024-12-15,9830,20,73
P032,2024-01-15,8019,20,39
P032,2024-01-15,8019,15,33
P032,2024-01-15,8019,5,29
P032,2024-01-15,8019,10,31
P032,2024-02-15,8019,25,37
P032,2024-02-15,8019,0,29
P032,2024-02-15,8019,5,30
P032,2024-02-15,8019,20,37
P032,2024-03-15,8019,30,39
P032,2024-03-15,8019,10,31
P032,2024-03-15,8019,0,32
P032,2024-03-15,8019,25,41
P032,2024-04-15,8019,30,43
P032,2024-04-15,8019,25,41
P032,2024-04-15,8019,10,34
P032,2024-04-15,8019,15,32
P032,2024-05-15,8019,20,38
P032,2024-05-15,8019,0,28
P032,2024-05-15,8019,30,37
P032,2024-05-15,8019,5,30
P032,2024-06-15,8019,10,37
P032,2024-06-15,8019,30,44
P032,2024-06-15,8019,5,33
P032,2024-06-15,8019,15,33
P032,2024-07-15,8019,25,43
P032,2024-07-15,8019,20,38
P032,2024-07-15,8019,30,40
P032,2024-07-15,8019,5,32
P032,2024-08-15,8019,25,40
P032,2024-08-15,8019,10,30
P032,2024-08-15,8019,0,31
P032,2024-08-15,8019,30,40
P032,2024-09-15,8019,0,27
P032,2024-09-15,8019,30,44
P032,2024-09-15,8019,5,33
P032,2024-09-15,8019,25,35
P032,2024-10-15,8019,5,29
P032,2024-10-15,8019,20,37
P032,2024-10-15,8019,15,32
P032,2024-10-15,8019,0,27
P032,2024-11-15,8019,30,39
P032,2024-11-15,8019,10,34
P032,2024-11-15,8019,20,38
P032,2024-11-15,8019,0,28
P032,2024-12-15,8019,0,30
P032,2024-12-15,8019,15,36
P032,2024-12-15,8019,30,43
P032,2024-12-15,8019,20,37
P033,2024-01-15,1633,20,107
P033,2024-01-15,1633,0,76
P033,2024-01-15,1633,10,94
P033,2024-01-15,1633,30,125
P033,2024-02-15,1633,5,88
P033,2024-02-15,1633,20,112
P033,2024-02-15,1633,30,121
P033,2024-02-15,1633,25,111
P033,2024-03-15,1633,30,124
P033,2024-03-15,1633,25,106
P033,2024-03-15,1633,10,90
P033,2024-03-15,1633,0,77
P033,2024-04-15,1633,0,78
P033,2024-04-15,1633,10,92
P033,2024-04-15,1633,5,81
P033,2024-04-15,1633,25,115
P033,2024-05-15,1633,5,86
P033,2024-05-15,1633,0,77
P033,2024-05-15,1633,30,116
P033,2024-05-15,1633,25,105
P033,2024-06-15,1633,5,84
P033,2024-06-15,1633,25,111
P033,2024-06-15,1633,20,103
P033,2024-06-15,1633,15,98
P033,2024-07-15,1633,10,91
P033,2024-07-15,1633,15,99
P033,2024-07-15,1633,25,115
P033,2024-07-15,1633,30,128
P033,2024-08-15,1633,5,87
P033,2024-08-15,1633,0,76
P033,2024-08-15,1633,10,89
P033,2024-08-15,1633,30,118
P033,2024-09-15,1633,10,90
P033,2024-09-15,1633,15,96
P033,2024-09-15,1633,25,111
P033,2024-09-15,1633,20,101
P033,2024-10-15,1633,30,120
P033,2024-10-15,1633,5,80
P033,2024-10-15,1633,20,115
P033,2024-10-15,1633,25,112
P033,2024-11-15,1633,30,125
P033,2024-11-15,1633,20,113
P033,2024-11-15,1633,25,112
P033,2024-11-15,1633,15,102
P033,2024-12-15,1633,5,86
P033,2024-12-15,1633,10,92
P033,2024-12-15,1633,15,97
P033,2024-12-15,1633,30,122
P034,2024-01-15,11175,20,48
P034,2024-01-15,11175,0,35
P034,2024-01-15,11175,5,41
P034,2024-01-15,11175,30,53
P034,2024-02-15,11175,25,52
P034,2024-02-15,11175,30,51
P034,2024-02-15,11175,15,43
P034,2024-02-15,11175,10,40
P034,2024-03-15,11175,20,48
P034,2024-03-15,11175,10,44
P034,2024-03-15,11175,15,47
P034,2024-03-15,11175,30,59
P034,2024-04-15,11175,30,53
P034,2024-04-15,11175,10,45
P034,2024-04-15,11175,25,51
P034,2024-04-15,11175,5,40
P034,2024-05-15,11175,5,39
P034,2024-05-15,11175,20,49
P034,2024-05-15,11175,15,44
P034,2024-05-15,11175,10,41
P034,2024-06-15,11175,15,45
P034,2024-06-15,11175,5,38
P034,2024-06-15,11175,25,51
P034,2024-06-15,11175,0,34
P034,2024-07-15,11175,25,53
P034,2024-07-15,11175,5,40
P034,2024-07-15,11175,15,43
P034,2024-07-15,11175,10,43
P034,2024-08-15,11175,0,35
P034,2024-08-15,11175,5,41
P034,2024-08-15,11175,30,52
P034,2024-08-15,11175,25,47
P034,2024-09-15,11175,10,44
P034,2024-09-15,11175,5,42
P034,2024-09-15,11175,20,53
P034,2024-09-15,11175,15,42
P034,2024-10-15,11175,5,39
P034,2024-10-15,11175,15,45
P034,2024-10-15,11175,20,52
P034,2024-10-15,11175,25,55
P034,2024-11-15,11175,5,42
P034,2024-11-15,11175,20,48
P034,2024-11-15,11175,25,49
P034,2024-11-15,11175,10,42
P034,2024-12-15,11175,5,41
P034,2024-12-15,11175,0,40
P034,2024-12-15,11175,25,46
P034,2024-12-15,11175,30,53
P035,2024-01-15,1810,0,58
P035,2024-01-15,1810,20,77
P035,2024-01-15,1810,25,82
P035,2024-01-15,1810,30,99
P035,2024-02-15,1810,25,80
P035,2024-02-15,1810,30,93
P035,2024-02-15,1810,15,75
P035,2024-02-15,1810,20,82
P035,2024-03-15,1810,15,72
P035,2024-03-15,1810,10,66
P035,2024-03-15,1810,20,80
P035,2024-03-15,1810,0,57
P035,2024-04-15,1810,15,78
P035,2024-04-15,1810,10,67
P035,2024-04-15,1810,5,58
P035,2024-04-15,1810,0,54
P035,2024-05-15,1810,25,80
P035,2024-05-15,1810,10,68
P035,2024-05-15,1810,15,73
P035,2024-05-15,1810,30,89
P035,2024-06-15,1810,20,81
P035,2024-06-15,1810,10,66
P035,2024-06-15,1810,15,74
P035,2024-06-15,1810,5,61
P035,2024-07-15,1810,20,84
P035,2024-07-15,1810,10,64
P035,2024-07-15,1810,15,75
P035,2024-07-15,1810,5,60
P035,2024-08-15,1810,5,64
P035,2024-08-15,1810,20,83
P035,2024-08-15,1810,15,70
P035,2024-08-15,1810,10,67
P035,2024-09-15,1810,30,96
P035,2024-09-15,1810,0,55
P035,2024-09-15,1810,5,59
P035,2024-09-15,1810,15,76
P035,2024-10-15,1810,15,76
P035,2024-10-15,1810,30,88
P035,2024-10-15,1810,20,84
P035,2024-10-15,1810,10,65
P035,2024-11-15,1810,5,64
P035,2024-11-15,1810,25,87
P035,2024-11-15,1810,20,82
P035,2024-11-15,1810,10,63
P035,2024-12-15,1810,10,65
P035,2024-12-15,1810,5,62
P035,2024-12-15,1810,0,56
P035,2024-12-15,1810,25,87
P036,2024-01-15,55432,25,20
P036,2024-01-15,55432,30,21
P036,2024-01-15,55432,0,16
P036,2024-01-15,55432,20,17
P036,2024-02-15,55432,5,14
P036,2024-02-15,55432,15,17
P036,2024-02-15,55432,25,16
P036,2024-02-15,55432,0,10
P036,2024-03-15,55432,30,19
P036,2024-03-15,55432,20,20
P036,2024-03-15,55432,10,14
P036,2024-03-15,55432,25,19
P036,2024-04-15,55432,25,17
P036,2024-04-15,55432,15,17
P036,2024-04-15,55432,20,15
P036,2024-04-15,55432,0,11
P036,2024-05-15,55432,30,16
P036,2024-05-15,55432,10,14
P036,2024-05-15,55432,15,12
P036,2024-05-15,55432,25,20
P036,2024-06-15,55432,30,18
P036,2024-06-15,55432,10,16
P036,2024-06-15,55432,0,15
P036,2024-06-15,55432,5,12
P036,2024-07-15,55432,15,19
P036,2024-07-15,55432,25,15
P036,2024-07-15,55432,5,12
P036,2024-07-15,55432,20,16
P036,2024-08-15,55432,5,16
P036,2024-08-15,55432,0,10
P036,2024-08-15,55432,25,19
P036,2024-08-15,55432,20,21
P036,2024-09-15,55432,15,17
P036,2024-09-15,55432,10,15
P036,2024-09-15,55432,20,19
P036,2024-09-15,55432,25,18
P036,2024-10-15,55432,15,18
P036,2024-10-15,55432,5,15
P036,2024-10-15,55432,20,15
P036,2024-10-15,55432,25,20
P036,2024-11-15,55432,30,19
P036,2024-11-15,55432,5,11
P036,2024-11-15,55432,15,13
P036,2024-11-15,55432,0,10
P036,2024-12-15,55432,10,14
P036,2024-12-15,55432,30,18
P036,2024-12-15,55432,20,17
P036,2024-12-15,55432,25,18
P037,2024-01-15,1283,5,50
P037,2024-01-15,1283,15,63
P037,2024-01-15,1283,10,56
P037,2024-01-15,1283,20,72
P037,2024-02-15,1283,0,48
P037,2024-02-15,1283,25,70
P037,2024-02-15,1283,10,60
P037,2024-02-15,1283,5,53
P037,2024-03-15,1283,0,48
P037,2024-03-15,1283,5,52
P037,2024-03-15,1283,15,66
P037,2024-03-15,1283,20,67
P037,2024-04-15,1283,20,62
P037,2024-04-15,1283,30,76
P037,2024-04-15,1283,0,48
P037,2024-04-15,1283,15,63
P037,2024-05-15,1283,25,73
P037,2024-05-15,1283,10,57
P037,2024-05-15,1283,30,77
P037,2024-05-15,1283,20,67
P037,2024-06-15,1283,25,78
P037,2024-06-15,1283,20,68
P037,2024-06-15,1283,5,54
P037,2024-06-15,1283,30,79
P037,2024-07-15,1283,15,61
P037,2024-07-15,1283,20,73
P037,2024-07-15,1283,10,57
P037,2024-07-15,1283,30,79
P037,2024-08-15,1283,20,63
P037,2024-08-15,1283,15,63
P037,2024-08-15,1283,0,44
P037,2024-08-15,1283,30,80
P037,2024-09-15,1283,10,54
P037,2024-09-15,1283,15,62
P037,2024-09-15,1283,30,84
P037,2024-09-15,1283,25,72
P037,2024-10-15,1283,25,67
P037,2024-10-15,1283,30,73
P037,2024-10-15,1283,0,42
P037,2024-10-15,1283,5,52
P037,2024-11-15,1283,30,78
P037,2024-11-15,1283,0,45
P037,2024-11-15,1283,25,69
P037,2024-11-15,1283,10,57
P037,2024-12-15,1283,25,70
P037,2024-12-15,1283,5,49
P037,2024-12-15,1283,30,84
P037,2024-12-15,1283,20,73
P038,2024-01-15,247,10,100
P038,2024-01-15,247,20,113
P038,2024-01-15,247,15,106
P038,2024-01-15,247,5,88
P038,2024-02-15,247,15,107
P038,2024-02-15,247,20,115
P038,2024-02-15,247,25,112
P038,2024-02-15,247,10,93
P038,2024-03-15,247,5,89
P038,2024-03-15,247,10,96
P038,2024-03-15,247,0,78
P038,2024-03-15,247,20,105
P038,2024-04-15,247,30,137
P038,2024-04-15,247,15,99
P038,2024-04-15,247,10,97
P038,2024-04-15,247,0,77
P038,2024-05-15,247,20,109
P038,2024-05-15,247,15,107
P038,2024-05-15,247,25,117
P038,2024-05-15,247,5,86
P038,2024-06-15,247,5,87
P038,2024-06-15,247,20,111
P038,2024-06-15,247,25,122
P038,2024-06-15,247,10,89
P038,2024-07-15,247,10,94
P038,2024-07-15,247,0,76
P038,2024-07-15,247,15,95
P038,2024-07-15,247,20,115
P038,2024-08-15,247,5,85
P038,2024-08-15,247,0,75
P038,2024-08-15,247,10,89
P038,2024-08-15,247,20,110
P038,2024-09-15,247,15,106
P038,2024-09-15,247,10,88
P038,2024-09-15,247,30,134
P038,2024-09-15,247,25,116
P038,2024-10-15,247,15,103
P038,2024-10-15,247,0,77
P038,2024-10-15,247,20,113
P038,2024-10-15,247,30,140
P038,2024-11-15,247,5,84
P038,2024-11-15,247,15,102
P038,2024-11-15,247,25,126
P038,2024-11-15,247,30,130
P038,2024-12-15,247,15,101
P038,2024-12-15,247,30,120
P038,2024-12-15,247,10,94
P038,2024-12-15,247,20,110
P039,2024-01-15,13302,10,31
P039,2024-01-15,13302,0,26
P039,2024-01-15,13302,5,31
P039,2024-01-15,13302,25,39
P039,2024-02-15,13302,5,28
P039,2024-02-15,13302,0,25
P039,2024-02-15,13302,25,36
P039,2024-02-15,13302,15,33
P039,2024-03-15,13302,10,29
P039,2024-03-15,13302,25,41
P039,2024-03-15,13302,0,28
P039,2024-03-15,13302,20,35
P039,2024-04-15,13302,30,37
P039,2024-04-15,13302,25,37
P039,2024-04-15,13302,10,31
P039,2024-04-15,13302,15,34
P039,2024-05-15,13302,25,37
P039,2024-05-15,13302,15,31
P039,2024-05-15,13302,20,34
P039,2024-05-15,13302,10,31
P039,2024-06-15,13302,30,35
P039,2024-06-15,13302,20,38
P039,2024-06-15,13302,25,35
P039,2024-06-15,13302,5,33
P039,2024-07-15,13302,25,39
P039,2024-07-15,13302,20,39
P039,2024-07-15,13302,15,33
P039,2024-07-15,13302,5,32
P039,2024-08-15,13302,20,34
P039,2024-08-15,13302,15,33
P039,2024-08-15,13302,5,29
P039,2024-08-15,13302,25,37
P039,2024-09-15,13302,25,33
P039,2024-09-15,13302,0,28
P039,2024-09-15,13302,30,34
P039,2024-09-15,13302,5,33
P039,2024-10-15,13302,15,30
P039,2024-10-15,13302,25,34
P039,2024-10-15,13302,30,35
P039,2024-10-15,13302,10,35
P039,2024-11-15,13302,0,28
P039,2024-11-15,13302,15,37
P039,2024-11-15,13302,30,43
P039,2024-11-15,13302,10,33
P039,2024-12-15,13302,0,26
P039,2024-12-15,13302,25,36
P039,2024-12-15,13302,30,35
P039,2024-12-15,13302,10,29
P040,2024-01-15,11646,20,37
P040,2024-01-15,11646,25,35
P040,2024-01-15,11646,5,31
P040,2024-01-15,11646,30,40
P040,2024-02-15,11646,25,35
P040,2024-02-15,11646,30,41
P040,2024-02-15,11646,15,32
P040,2024-02-15,11646,0,29
P040,2024-03-15,11646,15,35
P040,2024-03-15,11646,10,33
P040,2024-03-15,11646,25,39
P040,2024-03-15,11646,20,38
P040,2024-04-15,11646,20,36
P040,2024-04-15,11646,5,30
P040,2024-04-15,11646,15,30
P040,2024-04-15,11646,10,34
P040,2024-05-15,11646,0,26
P040,2024-05-15,11646,20,34
P040,2024-05-15,11646,5,33
P040,2024-05-15,11646,10,36
P040,2024-06-15,11646,10,32
P040,2024-06-15,11646,20,34
P040,2024-06-15,11646,25,38
P040,2024-06-15,11646,5,29
P040,2024-07-15,11646,30,39
P040,2024-07-15,11646,10,35
P040,2024-07-15,11646,0,28
P040,2024-07-15,11646,15,36
P040,2024-08-15,11646,25,38
P040,2024-08-15,11646,30,41
P040,2024-08-15,11646,20,33
P040,2024-08-15,11646,0,31
P040,2024-09-15,11646,10,30
P040,2024-09-15,11646,30,40
P040,2024-09-15,11646,15,38
P040,2024-09-15,11646,20,34
P040,2024-10-15,11646,25,34
P040,2024-10-15,11646,30,40
P040,2024-10-15,11646,15,34
P040,2024-10-15,11646,0,26
P040,2024-11-15,11646,0,29
P040,2024-11-15,11646,25,36
P040,2024-11-15,11646,15,37
P040,2024-11-15,11646,20,34
P040,2024-12-15,11646,10,31
P040,2024-12-15,11646,0,29
P040,2024-12-15,11646,15,36
P040,2024-12-15,11646,25,35
P041,2024-01-15,523,20,74
P041,2024-01-15,523,5,58
P041,2024-01-15,523,15,66
P041,2024-01-15,523,30,83
P041,2024-02-15,523,15,65
P041,2024-02-15,523,10,60
P041,2024-02-15,523,20,70
P041,2024-02-15,523,0,46
P041,2024-03-15,523,30,91
P041,2024-03-15,523,10,59
P041,2024-03-15,523,5,58
P041,2024-03-15,523,25,79
P041,2024-04-15,523,10,61
P041,2024-04-15,523,5,55
P041,2024-04-15,523,0,52
P041,2024-04-15,523,20,71
P041,2024-05-15,523,25,79
P041,2024-05-15,523,0,50
P041,2024-05-15,523,10,61
P041,2024-05-15,523,15,67
P041,2024-06-15,523,20,78
P041,2024-06-15,523,15,65
P041,2024-06-15,523,30,94
P041,2024-06-15,523,5,52
P041,2024-07-15,523,0,51
P041,2024-07-15,523,10,61
P041,2024-07-15,523,5,54
P041,2024-07-15,523,25,84
P041,2024-08-15,523,10,66
P041,2024-08-15,523,0,49
P041,2024-08-15,523,25,82
P041,2024-08-15,523,30,80
P041,2024-09-15,523,15,67
P041,2024-09-15,523,20,80
P041,2024-09-15,523,25,83
P041,2024-09-15,523,0,50
P041,2024-10-15,523,10,60
P041,2024-10-15,523,30,83
P041,2024-10-15,523,15,66
P041,2024-10-15,523,20,72
P041,2024-11-15,523,10,67
P041,2024-11-15,523,0,50
P041,2024-11-15,523,30,91
P041,2024-11-15,523,15,65
P041,2024-12-15,523,25,83
P041,2024-12-15,523,5,58
P041,2024-12-15,523,0,49
P041,2024-12-15,523,15,64
P042,2024-01-15,9130,10,46
P042,2024-01-15,9130,20,55
P042,2024-01-15,9130,30,63
P042,2024-01-15,9130,15,47
P042,2024-02-15,9130,10,50
P042,2024-02-15,9130,25,55
P042,2024-02-15,9130,20,54
P042,2024-02-15,9130,5,45
P042,2024-03-15,9130,25,56
P042,2024-03-15,9130,0,45
P042,2024-03-15,9130,5,44
P042,2024-03-15,9130,10,48
P042,2024-04-15,9130,15,49
P042,2024-04-15,9130,25,51
P042,2024-04-15,9130,10,49
P042,2024-04-15,9130,5,46
P042,2024-05-15,9130,20,49
P042,2024-05-15,9130,30,60
P042,2024-05-15,9130,5,43
P042,2024-05-15,9130,25,57
P042,2024-06-15,9130,15,52
P042,2024-06-15,9130,25,54
P042,2024-06-15,9130,10,44
P042,2024-06-15,9130,5,42
P042,2024-07-15,9130,10,45
P042,2024-07-15,9130,15,49
P042,2024-07-15,9130,5,45
P042,2024-07-15,9130,20,57
P042,2024-08-15,9130,15,52
P042,2024-08-15,9130,5,45
P042,2024-08-15,9130,30,61
P042,2024-08-15,9130,20,56
P042,2024-09-15,9130,20,54
P042,2024-09-15,9130,30,56
P042,2024-09-15,9130,25,57
P042,2024-09-15,9130,0,42
P042,2024-10-15,9130,25,59
P042,2024-10-15,9130,0,40
P042,2024-10-15,9130,20,52
P042,2024-10-15,9130,15,55
P042,2024-11-15,9130,30,60
P042,2024-11-15,9130,10,51
P042,2024-11-15,9130,15,49
P042,2024-11-15,9130,5,47
P042,2024-12-15,9130,15,50
P042,2024-12-15,9130,0,44
P042,2024-12-15,9130,20,54
P042,2024-12-15,9130,25,56
P043,2024-01-15,44117,5,12
P043,2024-01-15,44117,15,19
P043,2024-01-15,44117,20,20
P043,2024-01-15,44117,30,23
P043,2024-02-15,44117,25,21
P043,2024-02-15,44117,0,15
P043,2024-02-15,44117,30,23
P043,2024-02-15,44117,20,19
P043,2024-03-15,44117,20,15
P043,2024-03-15,44117,5,16
P043,2024-03-15,44117,15,20
P043,2024-03-15,44117,30,22
P043,2024-04-15,44117,5,17
P043,2024-04-15,44117,30,21
P043,2024-04-15,44117,0,12
P043,2024-04-15,44117,15,14
P043,2024-05-15,44117,5,14
P043,2024-05-15,44117,0,15
P043,2024-05-15,44117,20,19
P043,2024-05-15,44117,10,14
P043,2024-06-15,44117,5,12
P043,2024-06-15,44117,20,15
P043,2024-06-15,44117,15,17
P043,2024-06-15,44117,25,20
P043,2024-07-15,44117,20,19
P043,2024-07-15,44117,5,13
P043,2024-07-15,44117,0,16
P043,2024-07-15,44117,25,20
P043,2024-08-15,44117,10,13
P043,2024-08-15,44117,30,18
P043,2024-08-15,44117,0,16
P043,2024-08-15,44117,20,19
P043,2024-09-15,44117,30,20
P043,2024-09-15,44117,20,16
P043,2024-09-15,44117,5,14
P043,2024-09-15,44117,15,17
P043,2024-10-15,44117,30,17
P043,2024-10-15,44117,0,17
P043,2024-10-15,44117,15,18
P043,2024-10-15,44117,25,17
P043,2024-11-15,44117,25,20
P043,2024-11-15,44117,5,16
P043,2024-11-15,44117,20,19
P043,2024-11-15,44117,0,15
P043,2024-12-15,44117,30,19
P043,2024-12-15,44117,25,19
P043,2024-12-15,44117,10,15
P043,2024-12-15,44117,15,18
P044,2024-01-15,10977,15,62
P044,2024-01-15,10977,20,61
P044,2024-01-15,10977,30,70
P044,2024-01-15,10977,25,64
P044,2024-02-15,10977,25,65
P044,2024-02-15,10977,0,53
P044,2024-02-15,10977,5,50
P044,2024-02-15,10977,15,62
P044,2024-03-15,10977,10,57
P044,2024-03-15,10977,30,65
P044,2024-03-15,10977,0,49
P044,2024-03-15,10977,25,67
P044,2024-04-15,10977,20,64
P044,2024-04-15,10977,30,70
P044,2024-04-15,10977,0,50
P044,2024-04-15,10977,5,56
P044,2024-05-15,10977,5,55
P044,2024-05-15,10977,15,61
P044,2024-05-15,10977,30,72
P044,2024-05-15,10977,25,66
P044,2024-06-15,10977,30,67
P044,2024-06-15,10977,20,64
P044,2024-06-15,10977,10,59
P044,2024-06-15,10977,25,63
P044,2024-07-15,10977,10,60
P044,2024-07-15,10977,0,51
P044,2024-07-15,10977,30,70
P044,2024-07-15,10977,15,61
P044,2024-08-15,10977,30,65
P044,2024-08-15,10977,10,55
P044,2024-08-15,10977,25,69
P044,2024-08-15,10977,0,48
P044,2024-09-15,10977,20,59
P044,2024-09-15,10977,10,54
P044,2024-09-15,10977,5,50
P044,2024-09-15,10977,0,51
P044,2024-10-15,10977,5,55
P044,2024-10-15,10977,30,67
P044,2024-10-15,10977,10,59
P044,2024-10-15,10977,15,59
P044,2024-11-15,10977,25,68
P044,2024-11-15,10977,5,51
P044,2024-11-15,10977,30,63
P044,2024-11-15,10977,0,51
P044,2024-12-15,10977,30,70
P044,2024-12-15,10977,0,52
P044,2024-12-15,10977,10,54
P044,2024-12-15,10977,15,59
P045,2024-01-15,7046,5,61
P045,2024-01-15,7046,10,65
P045,2024-01-15,7046,30,87
P045,2024-01-15,7046,20,72
P045,2024-02-15,7046,0,55
P045,2024-02-15,7046,30,85
P045,2024-02-15,7046,20,75
P045,2024-02-15,7046,25,85
P045,2024-03-15,7046,5,60
P045,2024-03-15,7046,30,83
P045,2024-03-15,7046,0,56
P045,2024-03-15,7046,10,64
P045,2024-04-15,7046,0,54
P045,2024-04-15,7046,15,73
P045,2024-04-15,7046,30,89
P045,2024-04-15,7046,20,78
P045,2024-05-15,7046,10,69
P045,2024-05-15,7046,30,87
P045,2024-05-15,7046,25,89
P045,2024-05-15,7046,5,62
P045,2024-06-15,7046,5,63
P045,2024-06-15,7046,0,59
P045,2024-06-15,7046,15,68
P045,2024-06-15,7046,25,83
P045,2024-07-15,7046,30,87
P045,2024-07-15,7046,20,78
P045,2024-07-15,7046,10,66
P045,2024-07-15,7046,25,77
P045,2024-08-15,7046,0,59
P045,2024-08-15,7046,15,72
P045,2024-08-15,7046,30,85
P045,2024-08-15,7046,10,61
P045,2024-09-15,7046,15,68
P045,2024-09-15,7046,25,85
P045,2024-09-15,7046,0,57
P045,2024-09-15,7046,10,66
P045,2024-10-15,7046,5,59
P045,2024-10-15,7046,20,75
P045,2024-10-15,7046,30,90
P045,2024-10-15,7046,15,75
P045,2024-11-15,7046,30,84
P045,2024-11-15,7046,10,66
P045,2024-11-15,7046,20,76
P045,2024-11-15,7046,5,61
P045,2024-12-15,7046,15,71
P045,2024-12-15,7046,10,65
P045,2024-12-15,7046,20,69
P045,2024-12-15,7046,0,57
P046,2024-01-15,2372,30,109
P046,2024-01-15,2372,15,87
P046,2024-01-15,2372,10,79
P046,2024-01-15,2372,25,110
P046,2024-02-15,2372,30,108
P046,2024-02-15,2372,0,67
P046,2024-02-15,2372,5,71
P046,2024-02-15,2372,20,96
P046,2024-03-15,2372,10,81
P046,2024-03-15,2372,20,102
P046,2024-03-15,2372,30,102
P046,2024-03-15,2372,15,85
P046,2024-04-15,2372,30,114
P046,2024-04-15,2372,10,79
P046,2024-04-15,2372,0,65
P046,2024-04-15,2372,25,96
P046,2024-05-15,2372,30,113
P046,2024-05-15,2372,0,68
P046,2024-05-15,2372,5,73
P046,2024-05-15,2372,15,85
P046,2024-06-15,2372,25,98
P046,2024-06-15,2372,5,73
P046,2024-06-15,2372,15,89
P046,2024-06-15,2372,30,109
P046,2024-07-15,2372,25,93
P046,2024-07-15,2372,5,72
P046,2024-07-15,2372,30,111
P046,2024-07-15,2372,0,68
P046,2024-08-15,2372,30,112
P046,2024-08-15,2372,15,89
P046,2024-08-15,2372,25,107
P046,2024-08-15,2372,20,91
P046,2024-09-15,2372,15,89
P046,2024-09-15,2372,20,97
P046,2024-09-15,2372,0,67
P046,2024-09-15,2372,30,108
P046,2024-10-15,2372,0,66
P046,2024-10-15,2372,20,98
P046,2024-10-15,2372,15,87
P046,2024-10-15,2372,10,84
P046,2024-11-15,2372,30,111
P046,2024-11-15,2372,10,78
P046,2024-11-15,2372,15,91
P046,2024-11-15,2372,0,63
P046,2024-12-15,2372,25,103
P046,2024-12-15,2372,30,107
P046,2024-12-15,2372,20,96
P046,2024-12-15,2372,10,84
P047,2024-01-15,4802,10,70
P047,2024-01-15,4802,15,82
P047,2024-01-15,4802,30,102
P047,2024-01-15,4802,20,87
P047,2024-02-15,4802,0,64
P047,2024-02-15,4802,25,99
P047,2024-02-15,4802,15,78
P047,2024-02-15,4802,5,65
P047,2024-03-15,4802,5,69
P047,2024-03-15,4802,20,86
P047,2024-03-15,4802,0,64
P047,2024-03-15,4802,10,70
P047,2024-04-15,4802,20,82
P047,2024-04-15,4802,25,90
P047,2024-04-15,4802,5,66
P047,2024-04-15,4802,15,85
P047,2024-05-15,4802,0,65
P047,2024-05-15,4802,10,72
P047,2024-05-15,4802,30,100
P047,2024-05-15,4802,5,67
P047,2024-06-15,4802,25,95
P047,2024-06-15,4802,15,80
P047,2024-06-15,4802,5,71
P047,2024-06-15,4802,20,80
P047,2024-07-15,4802,15,82
P047,2024-07-15,4802,30,100
P047,2024-07-15,4802,25,91
P047,2024-07-15,4802,10,72
P047,2024-08-15,4802,5,71
P047,2024-08-15,4802,20,87
P047,2024-08-15,4802,15,79
P047,2024-08-15,4802,0,59
P047,2024-09-15,4802,0,64
P047,2024-09-15,4802,20,87
P047,2024-09-15,4802,10,76
P047,2024-09-15,4802,15,79
P047,2024-10-15,4802,20,88
P047,2024-10-15,4802,15,82
P047,2024-10-15,4802,25,91
P047,2024-10-15,4802,5,68
P047,2024-11-15,4802,20,78
P047,2024-11-15,4802,0,64
P047,2024-11-15,4802,25,88
P047,2024-11-15,4802,30,99
P047,2024-12-15,4802,5,68
P047,2024-12-15,4802,0,65
P047,2024-12-15,4802,25,89
P047,2024-12-15,4802,20,88
P048,2024-01-15,7998,0,77
P048,2024-01-15,7998,30,121
P048,2024-01-15,7998,20,101
P048,2024-01-15,7998,5,83
P048,2024-02-15,7998,5,78
P048,2024-02-15,7998,10,87
P048,2024-02-15,7998,25,113
P048,2024-02-15,7998,15,100
P048,2024-03-15,7998,30,117
P048,2024-03-15,7998,10,88
P048,2024-03-15,7998,25,102
P048,2024-03-15,7998,5,83
P048,2024-04-15,7998,10,85
P048,2024-04-15,7998,5,79
P048,2024-04-15,7998,15,92
P048,2024-04-15,7998,0,77
P048,2024-05-15,7998,15,99
P048,2024-05-15,7998,5,77
P048,2024-05-15,7998,20,97
P048,2024-05-15,7998,0,77
P048,2024-06-15,7998,15,92
P048,2024-06-15,7998,0,76
P048,2024-06-15,7998,30,110
P048,2024-06-15,7998,5,81
P048,2024-07-15,7998,20,100
P048,2024-07-15,7998,0,77
P048,2024-07-15,7998,30,116
P048,2024-07-15,7998,15,91
P048,2024-08-15,7998,15,93
P048,2024-08-15,7998,25,104
P048,2024-08-15,7998,30,114
P048,2024-08-15,7998,0,76
P048,2024-09-15,7998,0,74
P048,2024-09-15,7998,10,87
P048,2024-09-15,7998,20,100
P048,2024-09-15,7998,25,108
P048,2024-10-15,7998,25,114
P048,2024-10-15,7998,5,81
P048,2024-10-15,7998,10,87
P048,2024-10-15,7998,15,91
P048,2024-11-15,7998,5,82
P048,2024-11-15,7998,0,74
P048,2024-11-15,7998,30,108
P048,2024-11-15,7998,25,109
P048,2024-12-15,7998,20,98
P048,2024-12-15,7998,15,93
P048,2024-12-15,7998,0,72
P048,2024-12-15,7998,30,121
P049,2024-01-15,36571,15,46
P049,2024-01-15,36571,25,52
P049,2024-01-15,36571,20,51
P049,2024-01-15,36571,5,41
P049,2024-02-15,36571,20,49
P049,2024-02-15,36571,0,37
P049,2024-02-15,36571,5,38
P049,2024-02-15,36571,30,53
P049,2024-03-15,36571,30,54
P049,2024-03-15,36571,20,49
P049,2024-03-15,36571,0,36
P049,2024-03-15,36571,25,55
P049,2024-04-15,36571,30,55
P049,2024-04-15,36571,25,51
P049,2024-04-15,36571,15,49
P049,2024-04-15,36571,10,40
P049,2024-05-15,36571,20,46
P049,2024-05-15,36571,5,39
P049,2024-05-15,36571,10,45
P049,2024-05-15,36571,0,36
P049,2024-06-15,36571,20,53
P049,2024-06-15,36571,0,41
P049,2024-06-15,36571,5,41
P049,2024-06-15,36571,25,47
P049,2024-07-15,36571,5,44
P049,2024-07-15,36571,0,38
P049,2024-07-15,36571,20,48
P049,2024-07-15,36571,10,42
P049,2024-08-15,36571,20,53
P049,2024-08-15,36571,15,48
P049,2024-08-15,36571,25,51
P049,2024-08-15,36571,5,38
P049,2024-09-15,36571,25,48
P049,2024-09-15,36571,10,44
P049,2024-09-15,36571,30,60
P049,2024-09-15,36571,15,49
P049,2024-10-15,36571,20,53
P049,2024-10-15,36571,30,50
P049,2024-10-15,36571,5,44
P049,2024-10-15,36571,15,48
P049,2024-11-15,36571,15,44
P049,2024-11-15,36571,30,51
P049,2024-11-15,36571,5,41
P049,2024-11-15,36571,20,49
P049,2024-12-15,36571,30,58
P049,2024-12-15,36571,15,49
P049,2024-12-15,36571,0,39
P049,2024-12-15,36571,20,46
P050,2024-01-15,68699,15,52
P050,2024-01-15,68699,20,53
P050,2024-01-15,68699,25,52
P050,2024-01-15,68699,10,44
P050,2024-02-15,68699,5,42
P050,2024-02-15,68699,25,55
P050,2024-02-15,68699,15,50
P050,2024-02-15,68699,30,58
P050,2024-03-15,68699,15,51
P050,2024-03-15,68699,5,43
P050,2024-03-15,68699,30,61
P050,2024-03-15,68699,10,44
P050,2024-04-15,68699,25,57
P050,2024-04-15,68699,20,53
P050,2024-04-15,68699,0,40
P050,2024-04-15,68699,10,45
P050,2024-05-15,68699,20,55
P050,2024-05-15,68699,5,41
P050,2024-05-15,68699,30,60
P050,2024-05-15,68699,25,54
P050,2024-06-15,68699,20,51
P050,2024-06-15,68699,15,49
P050,2024-06-15,68699,25,55
P050,2024-06-15,68699,10,48
P050,2024-07-15,68699,5,42
P050,2024-07-15,68699,20,58
P050,2024-07-15,68699,0,38
P050,2024-07-15,68699,15,50
P050,2024-08-15,68699,15,47
P050,2024-08-15,68699,25,54
P050,2024-08-15,68699,0,41
P050,2024-08-15,68699,30,61
P050,2024-09-15,68699,10,48
P050,2024-09-15,68699,30,60
P050,2024-09-15,68699,5,45
P050,2024-09-15,68699,0,38
P050,2024-10-15,68699,15,52
P050,2024-10-15,68699,30,58
P050,2024-10-15,68699,5,41
P050,2024-10-15,68699,25,56
P050,2024-11-15,68699,15,52
P050,2024-11-15,68699,25,56
P050,2024-11-15,68699,10,50
P050,2024-11-15,68699,0,43
P050,2024-12-15,68699,0,43
P050,2024-12-15,68699,20,50
P050,2024-12-15,68699,10,45
P050,2024-12-15,68699,30,56
P051,2024-01-15,2381,10,53
P051,2024-01-15,2381,5,44
P051,2024-01-15,2381,20,54
P051,2024-01-15,2381,0,43
P051,2024-02-15,2381,30,65
P051,2024-02-15,2381,20,59
P051,2024-02-15,2381,5,42
P051,2024-02-15,2381,25,62
P051,2024-03-15,2381,15,55
P051,2024-03-15,2381,20,61
P051,2024-03-15,2381,25,67
P051,2024-03-15,2381,0,44
P051,2024-04-15,2381,25,67
P051,2024-04-15,2381,30,63
P051,2024-04-15,2381,0,40
P051,2024-04-15,2381,5,43
P051,2024-05-15,2381,0,41
P051,2024-05-15,2381,5,42
P051,2024-05-15,2381,10,52
P051,2024-05-15,2381,30,62
P051,2024-06-15,2381,25,62
P051,2024-06-15,2381,20,57
P051,2024-06-15,2381,5,42
P051,2024-06-15,2381,15,54
P051,2024-07-15,2381,5,47
P051,2024-07-15,2381,20,59
P051,2024-07-15,2381,10,51
P051,2024-07-15,2381,15,58
P051,2024-08-15,2381,20,62
P051,2024-08-15,2381,15,56
P051,2024-08-15,2381,25,61
P051,2024-08-15,2381,10,48
P051,2024-09-15,2381,30,63
P051,2024-09-15,2381,0,39
P051,2024-09-15,2381,5,44
P051,2024-09-15,2381,10,46
P051,2024-10-15,2381,30,62
P051,2024-10-15,2381,25,69
P051,2024-10-15,2381,5,43
P051,2024-10-15,2381,20,56
P051,2024-11-15,2381,20,60
P051,2024-11-15,2381,25,63
P051,2024-11-15,2381,0,42
P051,2024-11-15,2381,10,46
P051,2024-12-15,2381,15,54
P051,2024-12-15,2381,30,64
P051,2024-12-15,2381,5,46
P051,2024-12-15,2381,25,64
P052,2024-01-15,16074,15,42
P052,2024-01-15,16074,10,38
P052,2024-01-15,16074,20,38
P052,2024-01-15,16074,5,32
P052,2024-02-15,16074,5,34
P052,2024-02-15,16074,25,42
P052,2024-02-15,16074,20,38
P052,2024-02-15,16074,0,33
P052,2024-03-15,16074,25,48
P052,2024-03-15,16074,5,31
P052,2024-03-15,16074,20,43
P052,2024-03-15,16074,30,48
P052,2024-04-15,16074,0,33
P052,2024-04-15,16074,20,39
P052,2024-04-15,16074,15,39
P052,2024-04-15,16074,5,36
P052,2024-05-15,16074,30,44
P052,2024-05-15,16074,15,38
P052,2024-05-15,16074,10,41
P052,2024-05-15,16074,25,42
P052,2024-06-15,16074,25,46
P052,2024-06-15,16074,15,40
P052,2024-06-15,16074,30,47
P052,2024-06-15,16074,20,41
P052,2024-07-15,16074,20,44
P052,2024-07-15,16074,0,31
P052,2024-07-15,16074,5,35
P052,2024-07-15,16074,30,44
P052,2024-08-15,16074,0,32
P052,2024-08-15,16074,15,43
P052,2024-08-15,16074,10,36
P052,2024-08-15,16074,25,42
P052,2024-09-15,16074,10,36
P052,2024-09-15,16074,20,42
P052,2024-09-15,16074,15,41
P052,2024-09-15,16074,0,29
P052,2024-10-15,16074,30,47
P052,2024-10-15,16074,0,32
P052,2024-10-15,16074,5,36
P052,2024-10-15,16074,10,38
P052,2024-11-15,16074,5,33
P052,2024-11-15,16074,15,36
P052,2024-11-15,16074,30,46
P052,2024-11-15,16074,0,33
P052,2024-12-15,16074,15,41
P052,2024-12-15,16074,10,40
P052,2024-12-15,16074,30,46
P052,2024-12-15,16074,0,31
P053,2024-01-15,10938,25,53
P053,2024-01-15,10938,5,45
P053,2024-01-15,10938,10,46
P053,2024-01-15,10938,30,57
P053,2024-02-15,10938,20,52
P053,2024-02-15,10938,5,49
P053,2024-02-15,10938,25,59
P053,2024-02-15,10938,0,42
P053,2024-03-15,10938,10,47
P053,2024-03-15,10938,25,56
P053,2024-03-15,10938,30,56
P053,2024-03-15,10938,0,43
P053,2024-04-15,10938,15,51
P053,2024-04-15,10938,10,46
P053,2024-04-15,10938,5,47
P053,2024-04-15,10938,0,46
P053,2024-05-15,10938,20,51
P053,2024-05-15,10938,30,55
P053,2024-05-15,10938,25,59
P053,2024-05-15,10938,0,45
P053,2024-06-15,10938,10,47
P053,2024-06-15,10938,5,48
P053,2024-06-15,10938,15,48
P053,2024-06-15,10938,30,60
P053,2024-07-15,10938,25,52
P053,2024-07-15,10938,5,49
P053,2024-07-15,10938,10,46
P053,2024-07-15,10938,30,56
P053,2024-08-15,10938,30,60
P053,2024-08-15,10938,15,53
P053,2024-08-15,10938,0,40
P053,2024-08-15,10938,5,43
P053,2024-09-15,10938,0,44
P053,2024-09-15,10938,10,46
P053,2024-09-15,10938,30,57
P053,2024-09-15,10938,20,50
P053,2024-10-15,10938,30,62
P053,2024-10-15,10938,25,59
P053,2024-10-15,10938,10,50
P053,2024-10-15,10938,20,51
P053,2024-11-15,10938,30,60
P053,2024-11-15,10938,20,56
P053,2024-11-15,10938,0,45
P053,2024-11-15,10938,5,43
P053,2024-12-15,10938,20,53
P053,2024-12-15,10938,25,54
P053,2024-12-15,10938,15,49
P053,2024-12-15,10938,10,49
P054,2024-01-15,13374,20,35
P054,2024-01-15,13374,5,26
P054,2024-01-15,13374,15,33
P054,2024-01-15,13374,0,30
P054,2024-02-15,13374,10,28
P054,2024-02-15,13374,20,35
P054,2024-02-15,13374,0,27
P054,2024-02-15,13374,25,41
P054,2024-03-15,13374,15,36
P054,2024-03-15,13374,5,33
P054,2024-03-15,13374,20,37
P054,2024-03-15,13374,30,42
P054,2024-04-15,13374,10,32
P054,2024-04-15,13374,5,32
P054,2024-04-15,13374,0,25
P054,2024-04-15,13374,15,32
P054,2024-05-15,13374,25,33
P054,2024-05-15,13374,20,36
P054,2024-05-15,13374,0,28
P054,2024-05-15,13374,5,32
P054,2024-06-15,13374,15,37
P054,2024-06-15,13374,25,36
P054,2024-06-15,13374,30,43
P054,2024-06-15,13374,10,32
P054,2024-07-15,13374,10,33
P054,2024-07-15,13374,15,36
P054,2024-07-15,13374,20,32
P054,2024-07-15,13374,25,36
P054,2024-08-15,13374,5,26
P054,2024-08-15,13374,25,38
P054,2024-08-15,13374,30,38
P054,2024-08-15,13374,0,30
P054,2024-09-15,13374,10,34
P054,2024-09-15,13374,5,33
P054,2024-09-15,13374,30,39
P054,2024-09-15,13374,0,30
P054,2024-10-15,13374,15,36
P054,2024-10-15,13374,30,41
P054,2024-10-15,13374,20,37
P054,2024-10-15,13374,10,31
P054,2024-11-15,13374,0,28
P054,2024-11-15,13374,15,30
P054,2024-11-15,13374,25,38
P054,2024-11-15,13374,10,31
P054,2024-12-15,13374,25,38
P054,2024-12-15,13374,5,32
P054,2024-12-15,13374,15,34
P054,2024-12-15,13374,20,36
P055,2024-01-15,4068,20,79
P055,2024-01-15,4068,30,91
P055,2024-01-15,4068,15,75
P055,2024-01-15,4068,25,92
P055,2024-02-15,4068,25,82
P055,2024-02-15,4068,10,71
P055,2024-02-15,4068,30,93
P055,2024-02-15,4068,20,80
P055,2024-03-15,4068,30,85
P055,2024-03-15,4068,25,91
P055,2024-03-15,4068,10,71
P055,2024-03-15,4068,15,72
P055,2024-04-15,4068,25,87
P055,2024-04-15,4068,10,68
P055,2024-04-15,4068,20,76
P055,2024-04-15,4068,0,56
P055,2024-05-15,4068,15,76
P055,2024-05-15,4068,25,83
P055,2024-05-15,4068,30,98
P055,2024-05-15,4068,20,80
P055,2024-06-15,4068,20,80
P055,2024-06-15,4068,0,60
P055,2024-06-15,4068,15,79
P055,2024-06-15,4068,25,85
P055,2024-07-15,4068,10,73
P055,2024-07-15,4068,30,94
P055,2024-07-15,4068,15,78
P055,2024-07-15,4068,5,63
P055,2024-08-15,4068,0,60
P055,2024-08-15,4068,10,68
P055,2024-08-15,4068,20,83
P055,2024-08-15,4068,15,72
P055,2024-09-15,4068,10,68
P055,2024-09-15,4068,0,61
P055,2024-09-15,4068,20,84
P055,2024-09-15,4068,15,77
P055,2024-10-15,4068,25,84
P055,2024-10-15,4068,20,82
P055,2024-10-15,4068,10,72
P055,2024-10-15,4068,5,61
P055,2024-11-15,4068,25,85
P055,2024-11-15,4068,30,96
P055,2024-11-15,4068,20,83
P055,2024-11-15,4068,5,66
P055,2024-12-15,4068,20,80
P055,2024-12-15,4068,30,89
P055,2024-12-15,4068,15,75
P055,2024-12-15,4068,0,62
P056,2024-01-15,8397,15,50
P056,2024-01-15,8397,10,50
P056,2024-01-15,8397,0,44
P056,2024-01-15,8397,5,45
P056,2024-02-15,8397,5,47
P056,2024-02-15,8397,0,42
P056,2024-02-15,8397,30,58
P056,2024-02-15,8397,20,50
P056,2024-03-15,8397,5,47
P056,2024-03-15,8397,30,63
P056,2024-03-15,8397,10,50
P056,2024-03-15,8397,25,60
P056,2024-04-15,8397,15,49
P056,2024-04-15,8397,0,42
P056,2024-04-15,8397,25,60
P056,2024-04-15,8397,20,51
P056,2024-05-15,8397,15,51
P056,2024-05-15,8397,25,53
P056,2024-05-15,8397,5,48
P056,2024-05-15,8397,20,56
P056,2024-06-15,8397,20,49
P056,2024-06-15,8397,10,47
P056,2024-06-15,8397,15,51
P056,2024-06-15,8397,0,45
P056,2024-07-15,8397,25,51
P056,2024-07-15,8397,30,55
P056,2024-07-15,8397,5,44
P056,2024-07-15,8397,15,48
P056,2024-08-15,8397,15,50
P056,2024-08-15,8397,20,51
P056,2024-08-15,8397,10,51
P056,2024-08-15,8397,0,41
P056,2024-09-15,8397,15,50
P056,2024-09-15,8397,25,55
P056,2024-09-15,8397,10,45
P056,2024-09-15,8397,20,57
P056,2024-10-15,8397,25,57
P056,2024-10-15,8397,5,48
P056,2024-10-15,8397,10,49
P056,2024-10-15,8397,15,54
P056,2024-11-15,8397,15,51
P056,2024-11-15,8397,30,60
P056,2024-11-15,8397,0,41
P056,2024-11-15,8397,25,52
P056,2024-12-15,8397,15,50
P056,2024-12-15,8397,25,61
P056,2024-12-15,8397,10,48
P056,2024-12-15,8397,30,58
P057,2024-01-15,1024,30,131
P057,2024-01-15,1024,10,88
P057,2024-01-15,1024,15,99
P057,2024-01-15,1024,0,78
P057,2024-02-15,1024,25,121
P057,2024-02-15,1024,10,95
P057,2024-02-15,1024,15,101
P057,2024-02-15,1024,0,77
P057,2024-03-15,1024,5,82
P057,2024-03-15,1024,25,111
P057,2024-03-15,1024,10,96
P057,2024-03-15,1024,20,115
P057,2024-04-15,1024,5,87
P057,2024-04-15,1024,20,109
P057,2024-04-15,1024,15,98
P057,2024-04-15,1024,10,97
P057,2024-05-15,1024,10,91
P057,2024-05-15,1024,5,89
P057,2024-05-15,1024,0,75
P057,2024-05-15,1024,15,92
P057,2024-06-15,1024,20,113
P057,2024-06-15,1024,25,113
P057,2024-06-15,1024,30,127
P057,2024-06-15,1024,5,84
P057,2024-07-15,1024,20,111
P057,2024-07-15,1024,10,92
P057,2024-07-15,1024,5,84
P057,2024-07-15,1024,0,77
P057,2024-08-15,1024,30,116
P057,2024-08-15,1024,25,114
P057,2024-08-15,1024,15,102
P057,2024-08-15,1024,0,77
P057,2024-09-15,1024,15,104
P057,2024-09-15,1024,5,86
P057,2024-09-15,1024,30,115
P057,2024-09-15,1024,25,112
P057,2024-10-15,1024,0,75
P057,2024-10-15,1024,10,93
P057,2024-10-15,1024,25,115
P057,2024-10-15,1024,5,81
P057,2024-11-15,1024,30,129
P057,2024-11-15,1024,10,93
P057,2024-11-15,1024,15,95
P057,2024-11-15,1024,5,82
P057,2024-12-15,1024,10,97
P057,2024-12-15,1024,5,87
P057,2024-12-15,1024,15,105
P057,2024-12-15,1024,30,114
P058,2024-01-15,10075,20,58
P058,2024-01-15,10075,15,59
P058,2024-01-15,10075,10,50
P058,2024-01-15,10075,25,62
P058,2024-02-15,10075,15,56
P058,2024-02-15,10075,10,51
P058,2024-02-15,10075,30,62
P058,2024-02-15,10075,5,47
P058,2024-03-15,10075,15,54
P058,2024-03-15,10075,10,56
P058,2024-03-15,10075,25,66
P058,2024-03-15,10075,30,62
P058,2024-04-15,10075,10,55
P058,2024-04-15,10075,25,63
P058,2024-04-15,10075,15,52
P058,2024-04-15,10075,5,47
P058,2024-05-15,10075,0,47
P058,2024-05-15,10075,15,55
P058,2024-05-15,10075,10,51
P058,2024-05-15,10075,5,51
P058,2024-06-15,10075,15,60
P058,2024-06-15,10075,30,62
P058,2024-06-15,10075,25,63
P058,2024-06-15,10075,0,50
P058,2024-07-15,10075,5,52
P058,2024-07-15,10075,25,64
P058,2024-07-15,10075,20,58
P058,2024-07-15,10075,10,54
P058,2024-08-15,10075,5,52
P058,2024-08-15,10075,15,53
P058,2024-08-15,10075,0,49
P058,2024-08-15,10075,30,66
P058,2024-09-15,10075,15,55
P058,2024-09-15,10075,10,52
P058,2024-09-15,10075,20,63
P058,2024-09-15,10075,0,49
P058,2024-10-15,10075,10,56
P058,2024-10-15,10075,20,60
P058,2024-10-15,10075,0,49
P058,2024-10-15,10075,30,72
P058,2024-11-15,10075,20,60
P058,2024-11-15,10075,5,47
P058,2024-11-15,10075,25,65
P058,2024-11-15,10075,0,47
P058,2024-12-15,10075,0,50
P058,2024-12-15,10075,15,54
P058,2024-12-15,10075,10,50
P058,2024-12-15,10075,5,52
P059,2024-01-15,558,10,54
P059,2024-01-15,558,25,68
P059,2024-01-15,558,5,50
P059,2024-01-15,558,0,42
P059,2024-02-15,558,25,65
P059,2024-02-15,558,0,44
P059,2024-02-15,558,10,49
P059,2024-02-15,558,5,51
P059,2024-03-15,558,10,49
P059,2024-03-15,558,20,57
P059,2024-03-15,558,5,50
P059,2024-03-15,558,15,57
P059,2024-04-15,558,25,63
P059,2024-04-15,558,5,50
P059,2024-04-15,558,15,54
P059,2024-04-15,558,0,45
P059,2024-05-15,558,10,48
P059,2024-05-15,558,5,45
P059,2024-05-15,558,20,62
P059,2024-05-15,558,15,53
P059,2024-06-15,558,15,57
P059,2024-06-15,558,25,62
P059,2024-06-15,558,20,59
P059,2024-06-15,558,10,51
P059,2024-07-15,558,30,67
P059,2024-07-15,558,5,48
P059,2024-07-15,558,15,61
P059,2024-07-15,558,0,44
P059,2024-08-15,558,30,63
P059,2024-08-15,558,10,54
P059,2024-08-15,558,25,65
P059,2024-08-15,558,5,48
P059,2024-09-15,558,0,45
P059,2024-09-15,558,30,71
P059,2024-09-15,558,15,58
P059,2024-09-15,558,25,70
P059,2024-10-15,558,25,69
P059,2024-10-15,558,15,60
P059,2024-10-15,558,10,49
P059,2024-10-15,558,20,56
P059,2024-11-15,558,0,45
P059,2024-11-15,558,30,64
P059,2024-11-15,558,5,50
P059,2024-11-15,558,25,69
P059,2024-12-15,558,5,47
P059,2024-12-15,558,0,41
P059,2024-12-15,558,10,55
P059,2024-12-15,558,15,57
P060,2024-01-15,2429,0,49
P060,2024-01-15,2429,15,60
P060,2024-01-15,2429,20,57
P060,2024-01-15,2429,5,54
P060,2024-02-15,2429,25,68
P060,2024-02-15,2429,15,59
P060,2024-02-15,2429,30,65
P060,2024-02-15,2429,20,63
P060,2024-03-15,2429,25,68
P060,2024-03-15,2429,20,60
P060,2024-03-15,2429,15,55
P060,2024-03-15,2429,5,53
P060,2024-04-15,2429,15,61
P060,2024-04-15,2429,30,70
P060,2024-04-15,2429,0,46
P060,2024-04-15,2429,25,62
P060,2024-05-15,2429,15,60
P060,2024-05-15,2429,10,55
P060,2024-05-15,2429,30,75
P060,2024-05-15,2429,5,54
P060,2024-06-15,2429,15,63
P060,2024-06-15,2429,5,54
P060,2024-06-15,2429,10,59
P060,2024-06-15,2429,30,72
P060,2024-07-15,2429,5,49
P060,2024-07-15,2429,20,61
P060,2024-07-15,2429,30,64
P060,2024-07-15,2429,10,52
P060,2024-08-15,2429,30,68
P060,2024-08-15,2429,15,54
P060,2024-08-15,2429,25,63
P060,2024-08-15,2429,10,53
P060,2024-09-15,2429,5,49
P060,2024-09-15,2429,20,60
P060,2024-09-15,2429,0,48
P060,2024-09-15,2429,25,63
P060,2024-10-15,2429,30,75
P060,2024-10-15,2429,10,57
P060,2024-10-15,2429,0,45
P060,2024-10-15,2429,25,67
P060,2024-11-15,2429,30,72
P060,2024-11-15,2429,15,57
P060,2024-11-15,2429,0,45
P060,2024-11-15,2429,20,60
P060,2024-12-15,2429,25,62
P060,2024-12-15,2429,0,51
P060,2024-12-15,2429,5,54
P060,2024-12-15,2429,10,54
P061,2024-01-15,48309,10,48
P061,2024-01-15,48309,30,66
P061,2024-01-15,48309,5,42
P061,2024-01-15,48309,0,41
P061,2024-02-15,48309,10,45
P061,2024-02-15,48309,30,61
P061,2024-02-15,48309,20,55
P061,2024-02-15,48309,5,47
P061,2024-03-15,48309,30,57
P061,2024-03-15,48309,20,53
P061,2024-03-15,48309,15,55
P061,2024-03-15,48309,5,46
P061,2024-04-15,48309,10,50
P061,2024-04-15,48309,0,38
P061,2024-04-15,48309,15,48
P061,2024-04-15,48309,5,47
P061,2024-05-15,48309,5,46
P061,2024-05-15,48309,15,50
P061,2024-05-15,48309,0,38
P061,2024-05-15,48309,25,61
P061,2024-06-15,48309,30,61
P061,2024-06-15,48309,25,61
P061,2024-06-15,48309,20,54
P061,2024-06-15,48309,10,46
P061,2024-07-15,48309,0,41
P061,2024-07-15,48309,10,48
P061,2024-07-15,48309,20,55
P061,2024-07-15,48309,5,46
P061,2024-08-15,48309,10,45
P061,2024-08-15,48309,25,53
P061,2024-08-15,48309,15,52
P061,2024-08-15,48309,5,42
P061,2024-09-15,48309,20,52
P061,2024-09-15,48309,30,57
P061,2024-09-15,48309,10,46
P061,2024-09-15,48309,5,46
P061,2024-10-15,48309,20,54
P061,2024-10-15,48309,30,62
P061,2024-10-15,48309,10,43
P061,2024-10-15,48309,5,43
P061,2024-11-15,48309,25,56
P061,2024-11-15,48309,20,56
P061,2024-11-15,48309,10,49
P061,2024-11-15,48309,0,40
P061,2024-12-15,48309,5,43
P061,2024-12-15,48309,25,60
P061,2024-12-15,48309,20,56
P061,2024-12-15,48309,30,57
P062,2024-01-15,2781,25,74
P062,2024-01-15,2781,5,55
P062,2024-01-15,2781,0,48
P062,2024-01-15,2781,10,64
P062,2024-02-15,2781,15,63
P062,2024-02-15,2781,0,50
P062,2024-02-15,2781,25,73
P062,2024-02-15,2781,20,72
P062,2024-03-15,2781,20,73
P062,2024-03-15,2781,30,80
P062,2024-03-15,2781,15,66
P062,2024-03-15,2781,10,61
P062,2024-04-15,2781,30,80
P062,2024-04-15,2781,5,56
P062,2024-04-15,2781,25,77
P062,2024-04-15,2781,20,65
P062,2024-05-15,2781,15,67
P062,2024-05-15,2781,30,83
P062,2024-05-15,2781,0,50
P062,2024-05-15,2781,5,53
P062,2024-06-15,2781,20,66
P062,2024-06-15,2781,10,61
P062,2024-06-15,2781,0,47
P062,2024-06-15,2781,5,54
P062,2024-07-15,2781,30,85
P062,2024-07-15,2781,20,71
P062,2024-07-15,2781,15,65
P062,2024-07-15,2781,0,47
P062,2024-08-15,2781,20,71
P062,2024-08-15,2781,10,59
P062,2024-08-15,2781,0,53
P062,2024-08-15,2781,30,82
P062,2024-09-15,2781,25,75
P062,2024-09-15,2781,20,74
P062,2024-09-15,2781,5,58
P062,2024-09-15,2781,30,80
P062,2024-10-15,2781,30,79
P062,2024-10-15,2781,20,66
P062,2024-10-15,2781,25,80
P062,2024-10-15,2781,15,69
P062,2024-11-15,2781,0,47
P062,2024-11-15,2781,5,52
P062,2024-11-15,2781,30,78
P062,2024-11-15,2781,10,63
P062,2024-12-15,2781,0,51
P062,2024-12-15,2781,20,71
P062,2024-12-15,2781,25,78
P062,2024-12-15,2781,5,52
P063,2024-01-15,3167,30,47
P063,2024-01-15,3167,5,37
P063,2024-01-15,3167,25,46
P063,2024-01-15,3167,15,39
P063,2024-02-15,3167,10,39
P063,2024-02-15,3167,15,40
P063,2024-02-15,3167,5,33
P063,2024-02-15,3167,25,45
P063,2024-03-15,3167,5,36
P063,2024-03-15,3167,30,46
P063,2024-03-15,3167,10,38
P063,2024-03-15,3167,0,36
P063,2024-04-15,3167,0,34
P063,2024-04-15,3167,10,39
P063,2024-04-15,3167,15,44
P063,2024-04-15,3167,30,47
P063,2024-05-15,3167,5,40
P063,2024-05-15,3167,30,45
P063,2024-05-15,3167,20,42
P063,2024-05-15,3167,25,46
P063,2024-06-15,3167,0,31
P063,2024-06-15,3167,15,42
P063,2024-06-15,3167,30,47
P063,2024-06-15,3167,25,49
P063,2024-07-15,3167,30,51
P063,2024-07-15,3167,5,35
P063,2024-07-15,3167,10,37
P063,2024-07-15,3167,15,39
P063,2024-08-15,3167,30,52
P063,2024-08-15,3167,5,34
P063,2024-08-15,3167,20,48
P063,2024-08-15,3167,15,44
P063,2024-09-15,3167,5,35
P063,2024-09-15,3167,0,34
P063,2024-09-15,3167,25,51
P063,2024-09-15,3167,15,43
P063,2024-10-15,3167,30,47
P063,2024-10-15,3167,20,43
P063,2024-10-15,3167,10,40
P063,2024-10-15,3167,0,32
P063,2024-11-15,3167,25,45
P063,2024-11-15,3167,20,44
P063,2024-11-15,3167,10,39
P063,2024-11-15,3167,15,45
P063,2024-12-15,3167,25,45
P063,2024-12-15,3167,15,41
P063,2024-12-15,3167,10,39
P063,2024-12-15,3167,5,38
P064,2024-01-15,2137,25,36
P064,2024-01-15,2137,0,27
P064,2024-01-15,2137,20,41
P064,2024-01-15,2137,15,40
P064,2024-02-15,2137,15,39
P064,2024-02-15,2137,20,41
P064,2024-02-15,2137,0,26
P064,2024-02-15,2137,25,45
P064,2024-03-15,2137,30,46
P064,2024-03-15,2137,20,37
P064,2024-03-15,2137,10,31
P064,2024-03-15,2137,15,38
P064,2024-04-15,2137,0,29
P064,2024-04-15,2137,5,27
P064,2024-04-15,2137,30,49
P064,2024-04-15,2137,10,34
P064,2024-05-15,2137,5,29
P064,2024-05-15,2137,30,50
P064,2024-05-15,2137,15,33
P064,2024-05-15,2137,10,35
P064,2024-06-15,2137,25,42
P064,2024-06-15,2137,15,33
P064,2024-06-15,2137,0,28
P064,2024-06-15,2137,10,34
P064,2024-07-15,2137,20,38
P064,2024-07-15,2137,5,31
P064,2024-07-15,2137,0,28
P064,2024-07-15,2137,25,42
P064,2024-08-15,2137,5,30
P064,2024-08-15,2137,25,39
P064,2024-08-15,2137,0,29
P064,2024-08-15,2137,10,31
P064,2024-09-15,2137,15,37
P064,2024-09-15,2137,30,46
P064,2024-09-15,2137,10,36
P064,2024-09-15,2137,0,26
P064,2024-10-15,2137,15,32
P064,2024-10-15,2137,20,39
P064,2024-10-15,2137,30,49
P064,2024-10-15,2137,10,34
P064,2024-11-15,2137,15,34
P064,2024-11-15,2137,0,29
P064,2024-11-15,2137,5,29
P064,2024-11-15,2137,20,36
P064,2024-12-15,2137,20,38
P064,2024-12-15,2137,25,39
P064,2024-12-15,2137,10,37
P064,2024-12-15,2137,30,47
P065,2024-01-15,17704,0,30
P065,2024-01-15,17704,20,34
P065,2024-01-15,17704,25,34
P065,2024-01-15,17704,15,36
P065,2024-02-15,17704,10,35
P065,2024-02-15,17704,25,38
P065,2024-02-15,17704,0,28
P065,2024-02-15,17704,5,32
P065,2024-03-15,17704,0,28
P065,2024-03-15,17704,20,39
P065,2024-03-15,17704,30,44
P065,2024-03-15,17704,10,35
P065,2024-04-15,17704,20,37
P065,2024-04-15,17704,0,29
P065,2024-04-15,17704,15,36
P065,2024-04-15,17704,30,47
P065,2024-05-15,17704,0,25
P065,2024-05-15,17704,15,35
P065,2024-05-15,17704,20,39
P065,2024-05-15,17704,10,31
P065,2024-06-15,17704,20,37
P065,2024-06-15,17704,5,31
P065,2024-06-15,17704,30,38
P065,2024-06-15,17704,10,30
P065,2024-07-15,17704,5,33
P065,2024-07-15,17704,10,32
P065,2024-07-15,17704,20,38
P065,2024-07-15,17704,15,34
P065,2024-08-15,17704,15,31
P065,2024-08-15,17704,10,35
P065,2024-08-15,17704,20,35
P065,2024-08-15,17704,25,41
P065,2024-09-15,17704,30,39
P065,2024-09-15,17704,20,36
P065,2024-09-15,17704,0,27
P065,2024-09-15,17704,15,34
P065,2024-10-15,17704,25,42
P065,2024-10-15,17704,30,45
P065,2024-10-15,17704,15,33
P065,2024-10-15,17704,10,32
P065,2024-11-15,17704,30,46
P065,2024-11-15,17704,0,26
P065,2024-11-15,17704,15,33
P065,2024-11-15,17704,5,32
P065,2024-12-15,17704,30,44
P065,2024-12-15,17704,10,33
P065,2024-12-15,17704,15,33
P065,2024-12-15,17704,5,27
P066,2024-01-15,4269,10,27
P066,2024-01-15,4269,15,32
P066,2024-01-15,4269,5,27
P066,2024-01-15,4269,30,41
P066,2024-02-15,4269,30,37
P066,2024-02-15,4269,20,34
P066,2024-02-15,4269,5,30
P066,2024-02-15,4269,25,39
P066,2024-03-15,4269,30,38
P066,2024-03-15,4269,0,25
P066,2024-03-15,4269,10,32
P066,2024-03-15,4269,5,30
P066,2024-04-15,4269,15,31
P066,2024-04-15,4269,25,38
P066,2024-04-15,4269,0,28
P066,2024-04-15,4269,20,37
P066,2024-05-15,4269,15,35
P066,2024-05-15,4269,25,38
P066,2024-05-15,4269,5,27
P066,2024-05-15,4269,0,23
P066,2024-06-15,4269,25,34
P066,2024-06-15,4269,10,35
P066,2024-06-15,4269,5,26
P066,2024-06-15,4269,15,33
P066,2024-07-15,4269,30,41
P066,2024-07-15,4269,25,39
P066,2024-07-15,4269,20,38
P066,2024-07-15,4269,10,31
P066,2024-08-15,4269,15,37
P066,2024-08-15,4269,10,28
P066,2024-08-15,4269,20,33
P066,2024-08-15,4269,30,39
P066,2024-09-15,4269,15,36
P066,2024-09-15,4269,5,31
P066,2024-09-15,4269,10,32
P066,2024-09-15,4269,30,41
P066,2024-10-15,4269,0,23
P066,2024-10-15,4269,10,32
P066,2024-10-15,4269,15,33
P066,2024-10-15,4269,25,38
P066,2024-11-15,4269,10,29
P066,2024-11-15,4269,15,32
P066,2024-11-15,4269,30,41
P066,2024-11-15,4269,20,37
P066,2024-12-15,4269,30,41
P066,2024-12-15,4269,20,31
P066,2024-12-15,4269,25,39
P066,2024-12-15,4269,0,24
P067,2024-01-15,421,10,74
P067,2024-01-15,421,30,113
P067,2024-01-15,421,25,101
P067,2024-01-15,421,20,88
P067,2024-02-15,421,0,61
P067,2024-02-15,421,10,80
P067,2024-02-15,421,25,98
P067,2024-02-15,421,20,85
P067,2024-03-15,421,20,87
P067,2024-03-15,421,5,65
P067,2024-03-15,421,15,85
P067,2024-03-15,421,25,96
P067,2024-04-15,421,25,91
P067,2024-04-15,421,15,83
P067,2024-04-15,421,10,74
P067,2024-04-15,421,0,62
P067,2024-05-15,421,0,63
P067,2024-05-15,421,10,75
P067,2024-05-15,421,5,67
P067,2024-05-15,421,20,87
P067,2024-06-15,421,15,77
P067,2024-06-15,421,25,93
P067,2024-06-15,421,30,107
P067,2024-06-15,421,10,76
P067,2024-07-15,421,20,92
P067,2024-07-15,421,25,98
P067,2024-07-15,421,30,101
P067,2024-07-15,421,15,80
P067,2024-08-15,421,20,87
P067,2024-08-15,421,15,79
P067,2024-08-15,421,10,78
P067,2024-08-15,421,0,59
P067,2024-09-15,421,5,66
P067,2024-09-15,421,0,58
P067,2024-09-15,421,15,80
P067,2024-09-15,421,10,73
P067,2024-10-15,421,10,75
P067,2024-10-15,421,15,82
P067,2024-10-15,421,25,98
P067,2024-10-15,421,5,72
P067,2024-11-15,421,5,70
P067,2024-11-15,421,30,103
P067,2024-11-15,421,25,96
P067,2024-11-15,421,10,76
P067,2024-12-15,421,25,89
P067,2024-12-15,421,30,104
P067,2024-12-15,421,15,84
P067,2024-12-15,421,10,72
P068,2024-01-15,894,20,119
P068,2024-01-15,894,15,103
P068,2024-01-15,894,25,132
P068,2024-01-15,894,30,134
P068,2024-02-15,894,25,121
P068,2024-02-15,894,10,101
P068,2024-02-15,894,15,105
P068,2024-02-15,894,5,86
P068,2024-03-15,894,25,126
P068,2024-03-15,894,20,114
P068,2024-03-15,894,0,79
P068,2024-03-15,894,15,108
P068,2024-04-15,894,0,80
P068,2024-04-15,894,25,125
P068,2024-04-15,894,5,82
P068,2024-04-15,894,15,109
P068,2024-05-15,894,10,95
P068,2024-05-15,894,15,98
P068,2024-05-15,894,25,119
P068,2024-05-15,894,5,87
P068,2024-06-15,894,15,102
P068,2024-06-15,894,10,96
P068,2024-06-15,894,30,143
P068,2024-06-15,894,5,87
P068,2024-07-15,894,15,104
P068,2024-07-15,894,30,140
P068,2024-07-15,894,0,80
P068,2024-07-15,894,20,110
P068,2024-08-15,894,5,82
P068,2024-08-15,894,0,77
P068,2024-08-15,894,20,112
P068,2024-08-15,894,25,132
P068,2024-09-15,894,10,96
P068,2024-09-15,894,5,87
P068,2024-09-15,894,15,106
P068,2024-09-15,894,30,142
P068,2024-10-15,894,25,129
P068,2024-10-15,894,20,106
P068,2024-10-15,894,0,77
P068,2024-10-15,894,15,107
P068,2024-11-15,894,10,89
P068,2024-11-15,894,5,87
P068,2024-11-15,894,25,133
P068,2024-11-15,894,0,75
P068,2024-12-15,894,0,78
P068,2024-12-15,894,25,117
P068,2024-12-15,894,5,88
P068,2024-12-15,894,20,109
P069,2024-01-15,2058,20,100
P069,2024-01-15,2058,15,96
P069,2024-01-15,2058,25,109
P069,2024-01-15,2058,0,76
P069,2024-02-15,2058,5,83
P069,2024-02-15,2058,15,99
P069,2024-02-15,2058,30,111
P069,2024-02-15,2058,0,79
P069,2024-03-15,2058,20,100
P069,2024-03-15,2058,15,102
P069,2024-03-15,2058,0,78
P069,2024-03-15,2058,5,88
P069,2024-04-15,2058,25,118
P069,2024-04-15,2058,5,86
P069,2024-04-15,2058,10,89
P069,2024-04-15,2058,30,120
P069,2024-05-15,2058,20,109
P069,2024-05-15,2058,15,101
P069,2024-05-15,2058,25,110
P069,2024-05-15,2058,5,84
P069,2024-06-15,2058,5,81
P069,2024-06-15,2058,25,109
P069,2024-06-15,2058,15,95
P069,2024-06-15,2058,30,122
P069,2024-07-15,2058,0,75
P069,2024-07-15,2058,5,81
P069,2024-07-15,2058,20,111
P069,2024-07-15,2058,15,98
P069,2024-08-15,2058,15,98
P069,2024-08-15,2058,25,110
P069,2024-08-15,2058,10,86
P069,2024-08-15,2058,0,78
P069,2024-09-15,2058,5,82
P069,2024-09-15,2058,25,110
P069,2024-09-15,2058,30,114
P069,2024-09-15,2058,15,93
P069,2024-10-15,2058,0,74
P069,2024-10-15,2058,25,119
P069,2024-10-15,2058,5,82
P069,2024-10-15,2058,20,100
P069,2024-11-15,2058,15,94
P069,2024-11-15,2058,25,108
P069,2024-11-15,2058,30,123
P069,2024-11-15,2058,10,90
P069,2024-12-15,2058,25,107
P069,2024-12-15,2058,5,81
P069,2024-12-15,2058,10,91
P069,2024-12-15,2058,15,101
P070,2024-01-15,3956,30,73
P070,2024-01-15,3956,5,52
P070,2024-01-15,3956,15,58
P070,2024-01-15,3956,0,42
P070,2024-02-15,3956,20,60
P070,2024-02-15,3956,25,65
P070,2024-02-15,3956,5,48
P070,2024-02-15,3956,10,49
P070,2024-03-15,3956,25,67
P070,2024-03-15,3956,15,55
P070,2024-03-15,3956,5,48
P070,2024-03-15,3956,20,61
P070,2024-04-15,3956,15,59
P070,2024-04-15,3956,25,67
P070,2024-04-15,3956,10,49
P070,2024-04-15,3956,30,73
P070,2024-05-15,3956,15,57
P070,2024-05-15,3956,20,66
P070,2024-05-15,3956,5,50
P070,2024-05-15,3956,25,70
P070,2024-06-15,3956,25,72
P070,2024-06-15,3956,10,52
P070,2024-06-15,3956,0,47
P070,2024-06-15,3956,15,58
P070,2024-07-15,3956,25,69
P070,2024-07-15,3956,0,42
P070,2024-07-15,3956,5,50
P070,2024-07-15,3956,10,51
P070,2024-08-15,3956,0,41
P070,2024-08-15,3956,30,68
P070,2024-08-15,3956,15,57
P070,2024-08-15,3956,20,63
P070,2024-09-15,3956,25,69
P070,2024-09-15,3956,10,54
P070,2024-09-15,3956,20,61
P070,2024-09-15,3956,15,61
P070,2024-10-15,3956,30,75
P070,2024-10-15,3956,10,51
P070,2024-10-15,3956,5,45
P070,2024-10-15,3956,25,66
P070,2024-11-15,3956,0,46
P070,2024-11-15,3956,30,68
P070,2024-11-15,3956,15,58
P070,2024-11-15,3956,20,59
P070,2024-12-15,3956,5,46
P070,2024-12-15,3956,20,56
P070,2024-12-15,3956,0,47
P070,2024-12-15,3956,15,57
P071,2024-01-15,711,30,138
P071,2024-01-15,711,15,96
P071,2024-01-15,711,25,119
P071,2024-01-15,711,0,72
P071,2024-02-15,711,20,112
P071,2024-02-15,711,5,82
P071,2024-02-15,711,15,103
P071,2024-02-15,711,30,138
P071,2024-03-15,711,0,76
P071,2024-03-15,711,30,146
P071,2024-03-15,711,5,84
P071,2024-03-15,711,25,121
P071,2024-04-15,711,20,114
P071,2024-04-15,711,15,112
P071,2024-04-15,711,10,91
P071,2024-04-15,711,30,135
P071,2024-05-15,711,20,114
P071,2024-05-15,711,0,77
P071,2024-05-15,711,10,96
P071,2024-05-15,711,30,138
P071,2024-06-15,711,0,78
P071,2024-06-15,711,20,116
P071,2024-06-15,711,30,132
P071,2024-06-15,711,10,95
P071,2024-07-15,711,20,123
P071,2024-07-15,711,15,103
P071,2024-07-15,711,5,81
P071,2024-07-15,711,0,77
P071,2024-08-15,711,10,95
P071,2024-08-15,711,25,130
P071,2024-08-15,711,15,99
P071,2024-08-15,711,5,86
P071,2024-09-15,711,25,116
P071,2024-09-15,711,30,139
P071,2024-09-15,711,0,76
P071,2024-09-15,711,15,108
P071,2024-10-15,711,20,116
P071,2024-10-15,711,0,76
P071,2024-10-15,711,5,86
P071,2024-10-15,711,15,100
P071,2024-11-15,711,0,73
P071,2024-11-15,711,15,108
P071,2024-11-15,711,20,113
P071,2024-11-15,711,5,86
P071,2024-12-15,711,0,73
P071,2024-12-15,711,5,87
P071,2024-12-15,711,10,96
P071,2024-12-15,711,15,97
P072,2024-01-15,2454,20,112
P072,2024-01-15,2454,25,125
P072,2024-01-15,2454,15,104
P072,2024-01-15,2454,0,75
P072,2024-02-15,2454,15,102
P072,2024-02-15,2454,25,112
P072,2024-02-15,2454,30,115
P072,2024-02-15,2454,20,108
P072,2024-03-15,2454,5,82
P072,2024-03-15,2454,25,126
P072,2024-03-15,2454,0,75
P072,2024-03-15,2454,10,90
P072,2024-04-15,2454,5,88
P072,2024-04-15,2454,15,106
P072,2024-04-15,2454,25,113
P072,2024-04-15,2454,10,91
P072,2024-05-15,2454,0,79
P072,2024-05-15,2454,15,108
P072,2024-05-15,2454,30,122
P072,2024-05-15,2454,25,118
P072,2024-06-15,2454,10,93
P072,2024-06-15,2454,5,86
P072,2024-06-15,2454,0,76
P072,2024-06-15,2454,30,127
P072,2024-07-15,2454,15,105
P072,2024-07-15,2454,10,92
P072,2024-07-15,2454,30,122
P072,2024-07-15,2454,0,74
P072,2024-08-15,2454,25,125
P072,2024-08-15,2454,30,127
P072,2024-08-15,2454,0,79
P072,2024-08-15,2454,5,80
P072,2024-09-15,2454,20,111
P072,2024-09-15,2454,15,103
P072,2024-09-15,2454,10,92
P072,2024-09-15,2454,25,116
P072,2024-10-15,2454,5,82
P072,2024-10-15,2454,25,123
P072,2024-10-15,2454,20,111
P072,2024-10-15,2454,15,106
P072,2024-11-15,2454,10,92
P072,2024-11-15,2454,15,97
P072,2024-11-15,2454,5,86
P072,2024-11-15,2454,20,114
P072,2024-12-15,2454,25,123
P072,2024-12-15,2454,0,76
P072,2024-12-15,2454,10,92
P072,2024-12-15,2454,30,131
P073,2024-01-15,18213,15,46
P073,2024-01-15,18213,5,37
P073,2024-01-15,18213,0,37
P073,2024-01-15,18213,20,44
P073,2024-02-15,18213,0,37
P073,2024-02-15,18213,30,49
P073,2024-02-15,18213,5,38
P073,2024-02-15,18213,15,46
P073,2024-03-15,18213,25,51
P073,2024-03-15,18213,30,51
P073,2024-03-15,18213,0,34
P073,2024-03-15,18213,15,38
P073,2024-04-15,18213,0,36
P073,2024-04-15,18213,30,53
P073,2024-04-15,18213,15,44
P073,2024-04-15,18213,5,38
P073,2024-05-15,18213,5,35
P073,2024-05-15,18213,15,38
P073,2024-05-15,18213,25,52
P073,2024-05-15,18213,20,44
P073,2024-06-15,18213,15,44
P073,2024-06-15,18213,25,50
P073,2024-06-15,18213,0,36
P073,2024-06-15,18213,30,53
P073,2024-07-15,18213,25,47
P073,2024-07-15,18213,30,49
P073,2024-07-15,18213,0,32
P073,2024-07-15,18213,5,41
P073,2024-08-15,18213,10,42
P073,2024-08-15,18213,0,36
P073,2024-08-15,18213,25,49
P073,2024-08-15,18213,5,34
P073,2024-09-15,18213,20,47
P073,2024-09-15,18213,10,38
P073,2024-09-15,18213,25,46
P073,2024-09-15,18213,5,37
P073,2024-10-15,18213,25,50
P073,2024-10-15,18213,20,43
P073,2024-10-15,18213,15,44
P073,2024-10-15,18213,5,34
P073,2024-11-15,18213,25,45
P073,2024-11-15,18213,0,33
P073,2024-11-15,18213,5,39
P073,2024-11-15,18213,30,51
P073,2024-12-15,18213,10,38
P073,2024-12-15,18213,30,51
P073,2024-12-15,18213,5,38
P073,2024-12-15,18213,15,41
P074,2024-01-15,1168,15,80
P074,2024-01-15,1168,25,93
P074,2024-01-15,1168,5,66
P074,2024-01-15,1168,20,91
P074,2024-02-15,1168,25,91
P074,2024-02-15,1168,30,101
P074,2024-02-15,1168,20,84
P074,2024-02-15,1168,5,67
P074,2024-03-15,1168,0,61
P074,2024-03-15,1168,10,74
P074,2024-03-15,1168,30,94
P074,2024-03-15,1168,20,89
P074,2024-04-15,1168,30,93
P074,2024-04-15,1168,5,64
P074,2024-04-15,1168,10,73
P074,2024-04-15,1168,0,63
P074,2024-05-15,1168,10,76
P074,2024-05-15,1168,20,88
P074,2024-05-15,1168,15,82
P074,2024-05-15,1168,0,58
P074,2024-06-15,1168,5,69
P074,2024-06-15,1168,10,78
P074,2024-06-15,1168,15,82
P074,2024-06-15,1168,30,107
P074,2024-07-15,1168,15,78
P074,2024-07-15,1168,20,92
P074,2024-07-15,1168,5,67
P074,2024-07-15,1168,10,74
P074,2024-08-15,1168,0,61
P074,2024-08-15,1168,25,95
P074,2024-08-15,1168,10,73
P074,2024-08-15,1168,5,69
P074,2024-09-15,1168,10,76
P074,2024-09-15,1168,30,94
P074,2024-09-15,1168,15,79
P074,2024-09-15,1168,5,70
P074,2024-10-15,1168,0,58
P074,2024-10-15,1168,30,94
P074,2024-10-15,1168,5,68
P074,2024-10-15,1168,25,96
P074,2024-11-15,1168,15,82
P074,2024-11-15,1168,25,99
P074,2024-11-15,1168,20,94
P074,2024-11-15,1168,5,64
P074,2024-12-15,1168,20,92
P074,2024-12-15,1168,5,69
P074,2024-12-15,1168,0,64
P074,2024-12-15,1168,15,86
P075,2024-01-15,1185,20,99
P075,2024-01-15,1185,0,64
P075,2024-01-15,1185,30,105
P075,2024-01-15,1185,15,80
P075,2024-02-15,1185,30,115
P075,2024-02-15,1185,5,66
P075,2024-02-15,1185,20,87
P075,2024-02-15,1185,10,77
P075,2024-03-15,1185,5,67
P075,2024-03-15,1185,20,86
P075,2024-03-15,1185,0,62
P075,2024-03-15,1185,10,74
P075,2024-04-15,1185,25,108
P075,2024-04-15,1185,20,90
P075,2024-04-15,1185,0,61
P075,2024-04-15,1185,15,81
P075,2024-05-15,1185,0,58
P075,2024-05-15,1185,30,99
P075,2024-05-15,1185,10,75
P075,2024-05-15,1185,5,66
P075,2024-06-15,1185,15,83
P075,2024-06-15,1185,0,61
P075,2024-06-15,1185,30,104
P075,2024-06-15,1185,25,95
P075,2024-07-15,1185,20,93
P075,2024-07-15,1185,10,73
P075,2024-07-15,1185,0,58
P075,2024-07-15,1185,15,85
P075,2024-08-15,1185,25,94
P075,2024-08-15,1185,5,70
P075,2024-08-15,1185,0,58
P075,2024-08-15,1185,30,98
P075,2024-09-15,1185,15,84
P075,2024-09-15,1185,25,101
P075,2024-09-15,1185,10,76
P075,2024-09-15,1185,0,64
P075,2024-10-15,1185,15,77
P075,2024-10-15,1185,20,93
P075,2024-10-15,1185,30,101
P075,2024-10-15,1185,5,69
P075,2024-11-15,1185,5,72
P075,2024-11-15,1185,0,61
P075,2024-11-15,1185,10,75
P075,2024-11-15,1185,15,80
P075,2024-12-15,1185,5,71
P075,2024-12-15,1185,20,86
P075,2024-12-15,1185,30,114
P075,2024-12-15,1185,25,102
